Nº do Processo,Empresa / Requerente,Data do Requerimento,Origem (FUNAI),Tem Certidão Negativa?,Nome do Responsável,Nº da Certidão,Data da Certidão,Nome do Signatário,Cargo do Signatário,Militar ou Civil,UF Empresa,UF da Área,Município,Tamanho da Área (ha),Coordenadas Geográficas,Tem Mapas?,Total de Mapas,Tem Doc. de Deferimento?,Quem Assina o Deferimento,Departamento,Quem Foi Consultado?,Povos Indígenas Mencionados,TIs Mencionadas (em parêntesis nome atual),Povos Possivelmente Afetados (Povos mencionados + povos que habitam as TIs mencionadas),Observações,Referência (arquivo)
FUNAI/BSB/1574/86,FAZENDA TERRA FERTIL,05/11/1986,Sede/BSB,Sim,JOSÉ FLEURY CURADO,9,20/01/1987,Romero Jucá Filho,Presidente da FUNAI,Civil,GO,GO,Pium,64.998.609,"N=4 -10°14'10""S e 49°36'40""W; L=5 -10°16'40""S e 49°36'37""W; S=12-10°18'04""S e 49°41'52""W; W=14-10°15'54""S e 49°44'53""W",Sim,2,Sim,DANIEL MARQUES DE SOUSA,SUAF - Superintendência de Assuntos Fundiários,DDF - Divisão de Demarcação e Fiscalização; DID - Divisão de Identificação; Francisco Nogueira Lima (Técnico); Eliane Carvalho Lima (Eng. Civil); SUDAM,,Parque Indígena do Araguaia (Parque Indígena Araguaia),Apyãwa; Avá-Canoeiro; Iny Karajá; Javaé,"Processo tramitou pela DDF e DID. A análise cartográfica foi realizada pelo técnico Francisco Nogueira Lima e pela Eng. Civil Eliane Carvalho Lima (CREA 4374/D-DF). Foi comunicado à SUDAM via telex. O requerente se comprometeu a comunicar à FUNAI a ocorrência de trânsito ou perambulação de índios na área. A área não incide e nem compromete aldeamento indígena, estando próxima ao Parque Indígena do Araguaia, conforme croqui demonstrativo.",15741986.pdf
1623/86,"PROMETAL CARAJÁS S/A - MINERAÇÃO, INDÚSTRIA E COMÉRCIO",05/11/1986,Sede/BSB,Sim,ANTONIO AMARAL JUNIOR,32,08/04/1987,Romero Jucá Filho,Presidente da FUNAI,Civil,SP,PA,Marabá,5.111.891,"N=8: 5°59'19""S e 49°53'03""W; S=2: 6°00'35""S e 49°53'36""W; L=6: 6°00'03""S e 49°52'15""W; W=9: 5°59'55""S e 49°54'36""W",Sim,3,Sim,Romero Jucá Filho,SUAF/DIF/DDF,Divisão Fundiária/DIF; Divisão de Documentação/DDF; Divisão de Identificação e Delimitação/DID; Superintendência de Assuntos Fundiários/SUAF,,Área Indígena Cateté (T.I. Xikrin do Cateté),Kayapó; Xikrin,"Imóvel denominado FAZENDA ANA ROSA, com área de 511,1891 ha., destacado da Gleba Itacaiunas. Responsável técnico: ENIR SEBASTIÃO MENDES, Geólogo, CREA 1344/D 15ª Região. Matrícula nº 006.799 no Registro de Imóveis de Marabá-PA. Processo tramitou pela SUAF e envolveu diligências para complementação de documentação (mapas assinados, coordenadas geográficas). Área destinada à implantação de fábrica de ferro ligas. Instrução cartográfica realizada. Certidão expedida com ressalva de que a empresa deve comunicar à FUNAI caso haja trânsito ou perambulação de índios na área.",16231986.pdf
FUNAI/BSB/1681/86,"MARTINS COMÉRCIO, IMPORTAÇÃO E EXPORTAÇÃO LTDA e outros",04/11/1986,Sede/BSB,Sim,ORANIDES BORGES DO NASCIMENTO,8,20/01/1987,Romero Jucá Filho,Presidente da FUNAI,Civil,MG,PA,Bagre; Portel,31170.0,"N: 2°53'20""S e 50°06'29""W; S: 3°08'56""S e 50°03'46""W; L: 3°02'58""S e 50°01'12""W; W: 2°54'24""S e 50°15'37""W. Possui 93 vértices com coordenadas UTM e geográficas detalhadas nas tabelas do processo",Sim,2,Sim,DANIEL MARQUES DE SOUSA,SUAF/DIF/DDF/DAG,Divisão Fundiária/DDF; Divisão de Identificação e Delimitação/DID; Antropólogo Maria Cláudia; SUDAM,,A.I. Trocará (T.I. Trocará); A.I. Anambé (T.I. Anambé),Asurini; Anambé,"Área denominada JOANA PERES I, composta pelos lotes números 1, 7 e 8 do Setor D e lotes números 8, 10, 12, 13, 14, 17, 18, 21, 24 e 26 do Setor C. Empresas envolvidas: MARTINS COMÉRCIO, IMPORTAÇÃO E EXPORTAÇÃO LTDA (CGC 17.792.458/0001-23); MARBO-TRANSPORTES E COMÉRCIO LTDA (CGC 43.214.055/0001-07); ALAIER MARTINS DO NASCIMENTO (CPF 004.934.576-15); CELSON MARTINS BORGES (CPF 108.159.966-91); HÉLIO MARTINS BORGES (CPF 004.905.046-04). Responsável técnico pelas coordenadas: Eng° Jorge Mauro Barja Arteiro, CREA 22.012/D - 5ª Região/RJ. Base cartográfica: WAC-2946, escala 1:1.000.000. Taxa de certidão paga via GR 0266-5 no valor de Cz$ 656,76 em 13/11/1986. Carta CT-003/PRESI/Nº 039 enviada aos interessados em 20/01/1987. Telex enviado à SUDAM comunicando a emissão da certidão. Processo arquivado em fevereiro de 1987",16811986.pdf
FUNAI/BSB/28870.000226/85,WILSON FIDALGO e CYRO FIDALGO,15/01/1985,Sede/BSB,Sim,WILSON FIDALGO e CYRO FIDALGO,29,26/02/1985,Nelson Marabuto Domingues,Presidente da FUNAI,Civil,DF,PA,Santana do Araguaia,4356.0,"4 vértices; N=4: 9°37'39""S 50°44'29""W; S=2: 9°41'26""S 50°41'10""W; L=1: 9°37'53""S 50°40'56""W; W=3: 9°41'12""S 50°44'43""W",Sim,2,Sim,AUREO ARAUJO FALEIROS,DPI,DDF; DID; SUDAM,,Paarque Indígena do Araguaia (Parque Indígena Araguaia); Área Ind. Karajá Santana do Araguaia (T.I. Karajá Santana do Araguaia),Apyãwa; Avá-Canoeiro; Iny Karajá; Javaé; ,"Imóvel rural denominado 'REGIÃO DO RIO CAMPO ALEGRE', componente e desmembrada da 'Fazenda São Sebastião'. Requerentes representados por procuradora ELIANE CARVALHO LIMA, Engenheira Civil (CREA-DF 4374/D). Comarca de Conceição do Araguaia. Taxa de análise recolhida: Cr$ 175.994,00. Informação técnico-cartográfica n° 037/85 da DDF/DPI. Carta n° 061/PRES/DPI de 26/02/1985 encaminhada aos interessados. Telex n° 074 e 075/DPI enviados à SUDAM comunicando assinatura das certidões.",28870.0002261985-DV.pdf
FUNAI/BSB/28870.002246/85,Fazenda MAPAL,12/07/1985,Sede/BSB,Sim,CESAR MAGALHÃES CABRAL,79,14/08/1985,Gerson da Silva Alves,Presidente da FUNAI,Civil,RO,RO,Ariquemes,2000,"N=1: 9°53'11""S 62°43'02""W; S=4: 9°55'55""S 62°40'50""W; L=3: 9°53'11""S 62°40'50""W; W=2: 9°55'56""S 62°43'01""W",Sim,2,Sim,José Calixto da Silva; Aureo Araújo Faleiros,DPI,DDF; DID; DIDD; SUDAM; Superintendente Regional Porto Velho; Eng° Agrônomo Celso de Almeida (CREA 2705/D 7ª Região),Uru-Eu-Wau-Wau,Igarapé Lourdes (T.I. Igarapé Lourdes),Uru-Eu-Wau-Wau; Ikolen; Karo; Isolados na Serra da Previdência,"Localização: Rodovia RO-01, Km 42. A análise cartográfica indicou que a Fazenda Mapal dista aproximadamente 77 km da A.I. Uru-Eu-Wau-Wau e encontra-se incidente no Projeto Machadinho do INCRA. Carta n° 208/PRES/DPI de 13/08/1985 expedida ao interessado. Telex enviado à SUDAM informando expedição da certidão.",28870.0022461985-DV.pdf
FUNAI/BSB/28870.002469/85,Globo Agropecuária S/A,29/07/1985,Sede/BSB,Sim,Francisco Carlos de Lima Figueiredo,81,11/09/1985,Álvaro Villas Boas,Presidente da FUNAI,Civil,GO,MT,Barra do Garças,12423.0,"N=00: 14°10'15""S e 51°04'10""W; S=18: 14°19'22""S e 51°04'20""W; L=14: 14°18'30""S e 51°01'20""W; W=58: 14°14'25""S e 51°10'40""W. 58 vértices no total.",Sim,2,Sim,Herêclito C. Ortiga,DPI,Mariano Belmino Maia (análise cartográfica); José Calisir da Silva (Chefe da DIDD); Herêclito C. Ortiga (Diretor da DPI); SUDAM (comunicado via telex),,Área Indígena Areões (T.I. Areões),Xavante,"Fazenda Campos Belos, localizada no Distrito de Cocalinho. A área encontra-se aproximadamente 55 km da Área Indígena Areões. Mapa IBGE folha SD.22-V-B-MIR-375, escala 1:250.000. Técnico responsável pelas coordenadas: Engenheiro Agrônomo Nercio Pereira Ladeira, CREA 5.483/D-MG. Houve correção das coordenadas geográficas após solicitação da FUNAI (Carta nº 0064/DPI de 23/08/85). Recolhimento de emolumentos de Cr$ 334.213,00. Empresa possui procuração registrada no 21º Ofício de Notas do Rio de Janeiro.",28870.0024691985-DV.pdf
FUNAI/BSB/28870.002489/85,Fazenda São Marcelo S/A,06/08/1985,Sede/BSB,Sim,Luiz de França Ribeiro,3,30/01/1986,José Apoena Soares de Meirelles,Presidente da FUNAI,Civil,PA,MT,Aripuanã,50.812.035,"N=3) 10°04'44""S e 58°24'25""W; S=1) 10°07'28""S e 58°19'28""W; L=4) 10°04'44""S e 58°18'59""W; W=2) 10°07'28""S e 58°24'49""W",Sim,2,Sim,Sérgio de Campos,DPI,"DIDD; 5ª DR/Cuiabá; Grupo de Trabalho (Reginaldo Flores da Costa, Denivaldo Roberto da Rocha, Benedito José de Oliveira)",,Área Indígena Escondido (T.I. Escondido); Área Indígena Rikbaktsa-Japuíra (T.I. Japuíra),Rikbaktsa,"Processo inicialmente INDEFERIDO em 16/09/1985 por incidência em terra de índios arredios. Após vistoria in loco pela 5ª DR em janeiro/1986, que não constatou presença indígena, o processo foi DEFERIDO e emitida Certidão Negativa nº 0003 em 30/01/1986. A certidão contém ressalva de que o interessado deve comunicar à FUNAI ocorrência de trânsito ou perambulação de índios. Projeto aprovado pela SUDAM (Resolução 2.213/75). Técnico responsável pelas coordenadas: Eng. Agr. Floremil José Cardoso Visconti (CREA 21.670/D SP). Há certidão anterior nº 00085/74 de 03/12/1974 para área maior. Em 2000 houve solicitação de cópia do processo.",28870.0024891985-DV_parte1.pdf
FUNAI/BSB/28870.002490/85,Fernando Luiz de Mello Barreto,22/07/1985,8ªDR/Porto Velho,Sim,Fernando Luiz de Mello Barreto,9,24/03/1986,José Apoena Soares de Meirelles,Presidente da FUNAI,Civil,SE,RO,Ariquemes,77030.0,"N=1: 9°08'14""S e 62°07'49""W; S=8: 9°26'31""S e 62°27'00""W; L=2: 9°09'40""S e 62°07'06""W; W=9: 9°08'14""S e 62°27'00""W",Sim,2,Sim,José Apoena Soares de Meirelles,DPI,8ªDR/Porto Velho; DIDD; Francisco Nogueira Lima (Técnico em Agricultura e Pecuária); Miguel Angel Menendez (Antropólogo); Amaury Vieira (Delegado 8ªDR),Tenharim,Igarapé Preto (T.I. Tenharim do Igarapé Preto); Igarapé Lourdes (T.I. Igarapé Lourdes),Isolados do Igarapé Preto; Isolados Kaidjuwa; Tenharim,"Área denominada Conjunto Vera Cruz, composta pelos imóveis Novo Mundo, São Salvador, Urupá, Belo Horizonte e Cabeceiras. Código INCRA: 001031044.709-4. Responsável técnico: Fernando Milanese Neto, Engenheiro Industrial, CREA 29.210-D/SP. Houve questionamento inicial da 8ªDR sobre descontentamento dos índios Tenharim com novos limites (Portaria 1833/E de 12/02/85), mas GT coordenado por Miguel Angel Menendez esclareceu que o descontentamento referia-se à região Norte da área indígena, não afetando a região Sul onde se localiza o Conjunto Vera Cruz (distante 34 km da AI Tenharim/Transamazônica). Termo de Acordo firmado em 19/03/1985 na BR-230 km 066 com lideranças Tenharim e posseiros, definindo novos limites. Certidão emitida com ressalva de comunicação obrigatória à FUNAI em caso de trânsito ou perambulação de índios na área.",28870.0024901985-DV.pdf
FUNAI/BSB/28870.002682/85,AGROPECUÁRIA SERRA AZUL S/A,07/08/1985,Sede/BSB,Sim,Raul Carlos Martini,84,18/09/1985,Álvaro Villas Boas,Presidente da FUNAI,Civil,MT,MT,Rosário Oeste,124.931.153,"Extremos - N: 55°38'27""W e 14°33'38""S; S: 55°37'22""W e 14°40'18""S; L: 55°32'03""W e 14°33'58""S; W: 55°41'07""W e 14°37'48""S",Sim,2,Sim,Álvaro Villas Boas,DPI,DIDD; DRN; Hélio Ogama (Engenheiro Civil responsável pelas coordenadas),Bakairi,Área Indígena Santana (T.I. Santana),Bakairi,"Fazenda Serra Azul localizada no Distrito de Marzagão. Memorial descritivo elaborado pelo INCRA. A área indígena mais próxima é a Santana (Bakairi), demarcada, situada a aproximadamente 33 km do imóvel. Requerente pagou taxa de Cr$ 334.213,00 conforme guia de recolhimento. Carteira CREA nº 8808-D/PR do responsável técnico Hélio Ogama. Comunicação enviada à SUDAM via telex nº 0238/DPI.",28870.0026821985-DV.pdf
0966/87,M.V. AGROPECUÁRIA LTDA,28/01/1987,4ª SUER/Belém,Sim,MARCO VENICIO DE ALBUQUERQUE VINAGRE,37,29/05/1987,Romero Jucá Filho,Presidente da FUNAI,Civil,PA,PA,Igarapé-Açu,100.0,"N=4) 1°09'48""S e 47°40'20""W; S=2) 1°10'08""S e 47°39'19""W; L=1) 1°09'48""S e 47°39'11""W; W=3) 1°10'08""S e 47°40'24""W",Sim,1,Sim,DANIEL MARQUES DE SOUSA,DIF/SUAF,Flávio Ohasni (Agrônomo); Carmen Sylvia Soares Alfonso (Antropóloga); DDF (Divisão de Demarcação e Fiscalização); DID (Divisão de Identificação); SCA (Serviço de Cartografia); DAF (Divisão de Administração e Finanças),Tembé,Reserva Indígena Alto Rio Guamá (T.I. Alto Rio Guamá),Tembé; Awa Guajá; Ka'apor,"Imóvel rural localizado na Colônia Jambú-Açu. Projeto agropecuário com incentivos da SUDAM. Pagamento de taxa de emolumentos realizado através de cheque nº 148.195 do Banco do Brasil, valor Cz$ 656,76, conforme Portaria nº 812/N de 09.03.83. Parecer antropológico indica que famílias Tembé originárias da região já haviam abandonado o município, migrando para o P.I. Alto Rio Guamá. Certidão menciona obrigação de comunicar à FUNAI caso haja trânsito de índios na área. CGC/MF: 15.269.814/0001-01. Responsável técnico pelas coordenadas: Carmélia da Costa Góes, Geógrafa, CREA 5367-D/PA.",9661987.pdf
FUNAI/BSB/0313/85,José Antonio Marsiglio Schuvarg e Outros / Gleba Bela Vista,03/01/1985,Sede/BSB,Sim,José Antonio Marsiglio Schuvarg,19.375.7205.0/90,12/01/1990,Iris Pedro de Oliveira,Presidente da FUNAI,Civil,MA,MA,Monção,385.540.227,"Norte: 03°03'43""S e 46°31'28""W; Sul: 03°17'25""S e 46°17'21""W; Leste: 03°13'15""S e 46°17'04""W; Oeste: 03°09'04""S e 46°33'43""W",Sim,2,Sim,Sigfrido Francisco C.G. Graziano,SUAF,DDF; PRJ; DID; IBDF; Grupo de Trabalho Interministerial (GTI); Antropólogo Mercio Pereira Gomes,Awa-Guajá,,Awa Guajá,"Processo com histórico complexo envolvendo redução de área indígena Awá. Portaria Interministerial 76/88 definiu área de 147.500 ha, mas Portaria 158/88 reduziu para 65.700 ha. Mandado de Segurança n° 150.204-DF impetrado pelo MPF contra a redução. Liminar concedida suspendendo efeitos da Portaria 158/88. Área Bela Vista confronta com limite leste da AI Awá. Certidão emitida com ressalva sobre Lei 4.771/65 art.44 e Lei 7.803/89. Atestado publicado no Boletim de Serviço da FUNAI em maio/1990. Decisão do MINTER em 10/07/1996 julgou improcedente contestação da Agropecuária Alto Turiaçu Ltda sobre AI Awá de 147.500 ha.",DC00014A0104369SOS_parte4.pdf
FUNAI/BSB/0129/86,Agropecuária Vanguarda Ltda,10/01/1986,Sede/BSB,Sim,Roberto Vieira Loureiro,11,20/03/1986,José Apoena Soares de Meirelles,Presidente da FUNAI,Civil,SP,MT,Canarana,21765.59,"N=1: 12°41'44""S e 52°36'48""W; S=4: 12°56'22""S e 52°35'12""W; L=2: 12°43'04""S e 52°31'37""W; W=8: 12°44'12""S e 52°39'54""W",Sim,2,Sim,Sérgio de Campos; José Apoena Soares de Meirelles,DPI,DIDD/DPI; Administrador do PQXIN; Ianaculá Rodarte; Mário dos Santos Alves,,Parque Indígena do Xingu (P.I. Xingu),Aweti; Ikpeng; Kajkwakratxi (Tapayuna); Kalapalo; Kamaiurá; Kawaiwete (Kaiabi); Khisêtjê; Kuikuro; Matipu; Mehinako; Nahukwá; Naruvotu; Trumai; Wauja; Yawalapiti; Yudja,"Foi realizado sobrevoo da área em 06/03/86 com aeronave Korjsco-Turbo, partindo de Canarana-MT, para verificar a localização da Fazenda em relação aos limites do Parque Indígena do Xingu. Participaram do sobrevoo Mário dos Santos Alves (Técnico em Agrimensura/DPI) e Ianaculá Rodarte (servidor do PQXIN). Constatou-se que a fazenda está localizada a sudeste do PQXIN. O responsável técnico pelas coordenadas foi o Eng° Agrônomo Roberto Vieira Loureiro, CREA 8638-62/SP. Despesas do sobrevoo correram por conta da requerente. Carta n° 037/PRES/DPI e Telex enviados à SUDAM e à requerente.",DC00014A0109770SOS_parte2.pdf
FUNAI/BSB/3185/79,Eduardo Benvindo de Camargo,31/05/1979,2ªDR/Belém,Sim,Eduardo Benvindo de Camargo,13,15/07/1980,João Carlos Nobre da Veiga,Presidente da FUNAI,Militar,SP,PA,Conceição do Araguaia,621.796,"4 vértices; 1: 06°51'23""S 49°36'11""W; 2: 06°52'02""S 49°37'01""W; 3: 06°52'03""S 49°36'00""W; 4: 06°51'36""S 49°34'38""W",Sim,3,Sim,Afonso Augusto de Morais,DGPI,2ªDR/Belém; DGPI/DRP; DGPC/DEP; DGO; Procuradoria Jurídica; Antropólogo Célio Horst (vistoria in loco),Karajá,P.I. Xambioá (T.I. Xambioá),Karajá; Guarani,Vistoria in loco realizada pelo antropólogo Célio Horst em junho/1980 (Instrução Técnica 013/80-DGPC). Processo teve tramitação longa (jun/79 a jul/80) com necessidade de complementação documental. Área localizada a aproximadamente 51 km do P.I. Xambioá. Título definitivo expedido pelo ITERPA (Governo do Estado do Pará) em 20/12/1978. Procurador: Asdrubal Mendes Bentes.,DC00014A0119982SOS.pdf
FUNAI/BSB/3182/79,Maurilio Peres Camargo,25/06/1979,2ªDR/Belém,Sim,Maurilio Peres Camargo,16,15/07/1980,João Carlos Nobre da Veiga,Presidente da FUNAI,Militar,PA,PA,Conceição do Araguaia,1.750.833,"1: 06°53'00""S 49°30'24""W; 2: 06°52'25""S 49°35'28""W; 3: 06°52'41""S 49°35'39""W; 4: 06°54'39""S 49°31'01""W",Sim,3,Sim,João Carlos Nobre da Veiga,DGPI,2ªDR/Belém; DGPI/DRP; DGPC/DEP; DGO; Procuradoria Jurídica,Karajá,P.I. Xambioá (T.I. Xambioá),Karajá; Guarani,"Processo tramitou de 1979 a 1980. Houve vistoria in loco realizada pelo antropólogo Clio Horst (Chefe da DEP/DGPC) de 20 a 25/06/1980. A área fica aproximadamente a 41 km do P.I. Xambioá, à margem direita do Rio Araguaia. Foi apresentado título definitivo nº 081 do ITERPA. Requerente representado por procurador Asdrubal Mendes Bentes. A vistoria não encontrou vestígios de ocupação indígena. Certidão emitida após verificação bibliográfica, documental e vistoria de campo.",DC00014A0119983SOS.pdf
FUNAI/BSB/3181/79,Miguel da Silveira Franco,31/05/1979,2ª DR/Belém,Sim,Miguel da Silveira Franco,14,15/07/1980,João Carlos Nobre da Veiga,Presidente da FUNAI,Militar,SP,PA,Conceição do Araguaia,6.336.973,"4 vértices; P1: 06°53'52""S 49°36'28""W; P2: 06°53'18""S 49°38'18""W; P3: 06°54'01""S 49°38'59""W; P4: 06°54'42""S 49°36'47""W",Sim,3,Sim,Afonso Augusto de Morais,DGPI,2ª DR/Belém; DGO; DGPI/DRP; DGPC/DEP; Procuradoria Jurídica; Antropólogo Célio Horst,Karajá,P.I. Xambioá (T.I. Xambioá),Karajá; Guarani,Processo com diversas exigências documentais. Foi realizada vistoria in loco pelo antropólogo Célio Horst em junho/1980 que constatou ausência de vestígios indígenas. Área dista aproximadamente 53-63 km do PI Xambioá. Requerente é técnico em contabilidade residente em Bauru/SP. Memorial descritivo e planta elaborados por Cândido Martins Borges (CREA 169/TD). Título definitivo emitido pelo ITERPA (Governo do Pará) nº 077 de 20/12/1978. Processo tramitou por mais de um ano devido a exigências da Portaria 574/N/79.,DC00014A0119984SOS.pdf
FUNAI/BSB/3231/79,Fazenda Marumbi,27/06/1979,DGP,Sim,Albino Villa,7,02/02/1977,Ismarth de Araújo Oliveira,Presidente da FUNAI,Militar,SP,MT,Vila Bela da Santíssima Trindade,95331.04,"LATITUDE: 14°34'15"" a 14°55'20"" Sul; LONGITUDE: 59°33'30"" W.Gr. a 60°00'40"" W.Gr. - 18 vértices detalhados: P1: 14°40'23""S 59°41'00""W; P2: 14°41'04""S 59°41'20""W; P3: 14°41'04""S 59°40'22""W; P4: 14°42'17""S 49°39'43""W; P5: 14°42'31""S 59°39'30""W; P6: 14°43'11""S 59°39'13""W",Sim,5,Sim,Walter Ferreira Neves,DGP; DPI; DPC,Departamento Geral de Patrimônio Indígena; Departamento de Planejamento Comunitário; Procuradoria da República em Mato Grosso (Luiz Vidal da Fonseca); Ministério Público Federal; Juízo de Direito da 2ª Vara de Cáceres,Nhambiquaras,,,"Área inicialmente incluída na reserva indígena dos Nhambiquaras, mas posteriormente liberada por decreto. Processo vinculado a ação possessória judicial (Proc. 2.855/77, Cartório 2º Ofício, Comarca de Cáceres) entre Albino Villa e outros contra Geraldo Landre. A FUNAI e a União manifestaram desinteresse na lide por meio de petição do Procurador da República em Cuiabá, José Corbelino, e posteriormente Luiz Vidal da Fonseca. Perícia judicial realizada pelo Eng. Walter da Silva Pedroso confirmou que o imóvel está dentro dos limites da Certidão 007. Homologação de acordo judicial em 15/05/1979. Propriedade dividida em dois cadastros no INCRA: 902.020.781.460 (pessoas físicas) e 902.020.782.203 (Colonizadora Guaporé Ltda). Área originária das Sesmarias dos Muller (Sesmarias Sarará, Graça, São Vicente, Galera, Morro e Cubatão). Transcrições 12.520 e 18.460 do Registro de Imóveis de Cáceres.",DC00014A0119990SOS_parte1.pdf
FUNAI/2/173/74,,21/02/1974,2ª Delegacia Regional/Belém,Sim,JUAREZ TAVARES DE MACEDO,67,16/12/1974,Ismarth de Araújo Oliveira,Presidente da FUNAI,Militar,GO,PA,Conceição do Araguaia,,"11 pontos; P1: 07°21'06""S 50°44'49""W; P2: 07°48'S 50°52'23""W; P3: 07°48'14""S 50°43'12""W; P4: 07°44'38""S 50°43'11""W; P5: 07°44'37""S 50°39'32""W; P6: 07°37'27""S 50°39'30""W; P7: 07°37'26""S 50°32'32""W; P8: 07°41'00""S 50°32'32""W; P9: 07°22'40""S 50°23'59""W; P10: 07°18'12""S 50°39'00""W; P11: 07°21'42""S 50°39'00""W",Sim,1,Sim,ISMARTH DE ARAUJO OLIVEIRA,D.G.P.I.; D.G.P.C.,2ª Delegacia Regional/Belém; Departamento Geral de Patrimônio Indígena (D.G.P.I.); Departamento Geral de Planejamento Comunitário (D.G.P.C.); Divisão de Registro Patrimonial (D.G.P.I.); Seção de Estudos e Documentação (D.G.P.I.),Índios Gorotire (Kaiapó-Gorotire),Reserva Indígena do Gorotire; Parque Indígena Kaiapó (T.I. Kayapó),Isolados do Rio Fresco; Kayapó,"O processo refere-se a uma solicitação coletiva em nome de 47 requerentes, todos representados pelo advogado Juarez Tavares de Macedo, inscrito na OAB-MG sob nº 21.380, com escritório em Goiânia-GO. Os lotes fazem parte do Loteamento Araguaxin. A área situa-se fora da proposta do Parque Indígena Kaiapó, conforme informado pelo D.G.P.C. Há referência ao Decreto nº 304, de 21/03/1945, do Interventor Federal do Pará, que reservou terras aos índios Gorotires na margem esquerda do Rio Fresco, afluente do Xingu. A certidão foi emitida para fins de comprovação perante a SAGRI (Secretaria de Estado de Agricultura do Pará) e SUDAM, conforme Resolução nº 34 de 14/05/1968. Foi efetuado recolhimento de taxa no valor de Cr$ 263,76 em 12/12/1974, conforme Nota de Caixa nº 424.",FUNAI21731974.pdf
FUNAI/2/468/74,Agropecuária Rio Arataú S/A,22/05/1974,2ª DR/Belém,Sim,Luiz Evaldo Rios Leite,83,20/11/1974,Ismarth de Araújo Oliveira,Presidente da FUNAI,Militar,PA,PA,Portel,,4 pontos: 1) 50°12'W 3°42'S; 2) 50°07'W 3°34'S; 3) 50°18'W 3°28'S; 4) 50°23'W 3°36'S,Sim,1,Sim,Ismarth de Araújo Oliveira,D.G.P.I.,2ª Delegacia Regional; D.G.P.I.; D.G.P.C.; Reinaldo Braga de Oliveira (Chefe do PI Parakanã); Divisão de Registro Patrimonial,Parakanã; Assurini do PI Trocará;,PI Trocará (T.I. Trocará),Asurini,"Processo para fins de apresentação à SUDAM. Área adquirida do INCRA através de licitação pública. A análise verificou que a área está distante cerca de 75 km da Reserva Parakanã (margem direita da Transamazônica) e 108 km (margem esquerda), e distante em mais de 80 km do PI Trocará (Assurini). Conclusão: área não se enquadra em áreas reservadas aos índios. Recolhimento de taxa de Cr$ 290,50 conforme Portaria nº 168/A de 19.07.74.",FUNAI24681974.pdf
1641/86-4ªSUER,FAZENDA CORACI-PARANÁ,17/09/1986,4ªSUER/Belém,Sim,JOSÉ LUIZ MIRANDA BASTOS,16,06/02/1987,Romero Jucá Filho,Presidente da FUNAI,Civil,PA,PA,Vizeu,13068,"N=4 - 2°39'35""S e 47°03'19""W; S=2 - 2°46'09""S e 46°58'02""W; L=2 - 2°46'09""S e 46°58'02""W; W=6 - 2°42'30""S e 47°06'33""W",Sim,2,Sim,DANIEL MARQUES DE SOUSA,SUAF; DIF; DDF,Antropóloga TÂNIA CHAVES (4ªSUER); Eng. Agrônomo RUY FERRAZ; Geógrafa CARMELIA DA COSTA GÓES; RAIMUNDO CONCEIÇÃO SANTOS (Chefe DFU); JOSÉ CALLADO DE SÍLICA (Chefe DIF); SÔNIA DE ALMEIDA DEMARQUET (Chefe Divisão de Identificação e Delimitação); DJALMA ANTÔNIO GUIMARÃES (Chefe Serviço de Levantamentos Fundiários),Tembé,Área Indígena Alto Rio Guamá (T.I. Alto Rio Guamá),Tembé; Awa Guajá; Ka'apor,"Certidão emitida após informação da antropóloga de que a Fazenda Coraci-Paraná localiza-se a 30 km da Área Indígena Alto Rio Guamá, fora dos limites da área. Grupo indígena Tembé reside no lado oposto à fazenda. Processo inclui Carta CT-003/PRESI N° 086 ao interessado, telex à SUDAM, e Guia de Recolhimento no valor de Cz$ 656,76. Base cartográfica WAC-2946, escala 1:1.000.000.",FUNAI4SUER16411986.pdf
FUNAI/4ªSUER/1642/86,FAZENDA SALMISTA,04/09/1986,4ªSUER/Belém,Sim,OSWALDO DIAS VIEIRA,21,23/02/1987,Romero Jucá Filho,Presidente da FUNAI,Civil,PA,PA,Irituia,4316.4,"4 vértices; N=3: 1°42'58""S 47°13'35""W; S=1: 1°46'46""S 47°17'54""W; L=3: 1°42'58""S 47°13'35""W; W=1: 1°46'46""S 47°17'54""W",Sim,2,Sim,Romero Jucá Filho,DIF/SUAF,Engº Agrônomo FLÁVIO OHASHI; Antropóloga MARISE BATISTA REIS; DFU/4ªSUER; DDF; DID; SUAF,,,,"Certidão emitida para fins de prova junto à SUDAM. Geógrafo responsável pelas coordenadas: CARMÍLIA DA COSTA GÓES, CREA 5.367/D. Taxa de certidão: Cz$ 656,76 pago através do cheque nº 254719. Comunicação enviada via telex à SUDAM (CT-003/PRESI Nº 128 de 23/02/1987). Requerente domiciliado em Belém/PA, Av. Brás de Aguiar nº 466, Apto 101. CPF: 000.041.622-34.",FUNAI4SUER16421986.pdf
FUNAI/5/01.623/74,Hamilton Barreto Coelho,09/12/1974,5ª DR/Cuiabá,Sim,Hamilton Barreto Coelho,13,27/01/1975,Ismarth de Araújo Oliveira,Presidente da FUNAI,Militar,SP,MT,Barra do Bugres,8841,LONGITUDE: 57°23'W a 57°29'W; LATITUDE: 15°26'S a 15°33'S,Sim,2,Sim,Ismarth de Araújo Oliveira,DGPI; DGPC,Gersona Silva Alves (Delegado Regional 5ª DR); Advogado da 5ª DR; Demócrito Soares de Oliveira (Diretor DGPI); Departamento Geral de Planejamento Comunitário (DGPC); Departamento Geral de Patrimônio Indígena (DGPI); Rubens Auto da Cruz Oliveira (Diretor Substituto DGPC); Sala Mattar e Cândido Rodrigues (Divisão de Registro Patrimonial); Valter Ferreira Mendes (Diretor Substituto DGPI); João Crisóstomo da Silva (Diretor DGPI),,,,"Lote denominado Santo Ernani. Requerente residente em Santos/SP, Rua Ceará, 11. Cheque nº 56081 no valor de Cr$ 263,76 do Banco Comércio e Indústria de São Paulo. Certidão registrada no ofício nº 043/PRES de 27/01/1975. Procuração outorgada a Tasmania Maria Guerra para receber a certidão. Processo arquivado em 13/08/1976.",FUNAI5016231974 .pdf
FUNAI/5ª/278/71,BRADESPLAN S/A - Planejamento e Consultoria,16/02/1971,5ª DR/Cuiabá-MT,Sim,José Gomes dos Santos; Altamiro Belo Galindo e outros,,16/03/1971,Oscar Jerônimo Bandeira de Mello,Presidente da FUNAI,Militar,SP,MT,Porto dos Gauchos,,"GLEBA I: Long. Oeste 56°43' a 56°54', Lat. Sul 10°49' a 10°53'; GLEBA II: Long. Oeste 56°32' a 56°48', Lat. Sul 10°57' a 11°02'",Sim,1,Sim,Gen. Eleocímiro Fortes Flores,DGPI - Departamento Geral do Patrimônio Indígena,DGPI/BSB; 5ª DR/Cuiabá,,,,"Processo enviado de Cuiabá para Brasília em 19/02/1971 via malote nº 11.922, Guia 04. Carta da Bradesplan de 19/06/1971 solicitando retorno dos processos. Projeto apresentado à SUDAM. Certidão conforme Resolução nº 349 de 15/05/1968 do Conselho Deliberativo da SUDAM. Interessados se comprometeram a informar FUNAI sobre trânsito/permanência de silvícolas e aceitar interdição oficial.",FUNAI502781971.pdf
FUNAI/5/0345/71,RIBRA - Agropecuária do Rio Branco S.A.,24/02/1971,5ª DR/Cuiabá,Sim,Mário Rosa de Goes,,07/05/1971,Oscar Jerônimo Bandeira de Mello,Presidente da FUNAI,Militar,SP,MT,Diamantino,,11°50' a 12°00' Latitude Sul; 56°05' a 56°15' Longitude W,Sim,1,Sim,Oscar Jerônimo Bandeira de Mello,DGPI,Ten. Sérgio João do Amaral Fernandes (Delegado Regional 5ª DR); Gen. Clodomiro Portes Flôres (Diretor-Geral DGPI),,,,"Certidão destinada à apresentação junto à SUDAM para projeto agropecuário. A empresa se compromete a informar imediatamente à FUNAI ocorrência futura de trânsito e/ou permanência de silvícolas na área, bem como aceitar interdição oficial para evitar conflitos. Escritório da empresa em São Paulo na Rua Cel. Xavier de Toledo nº 210, 2º andar, conj. 22.",FUNAI503451971.pdf
FUNAI/5/0346/71,RIO VERMELHO - Agro-Industrial S.A.,24/02/1971,5ª DR/Cuiabá - MT,Sim,Arnaldo Navarro,,07/05/1971,Oscar Jerônimo Bandeira de Mello,Presidente da FUNAI,Militar,SP,MT,Diamantino,,11°55' a 12°05' Latitude Sul; 56°25' a 56°35' Longitude W,Sim,1,Sim,OSCAR JERONYMO BANDEIRA DE MELLO,DGPI - Departamento Geral do Patrimônio Indígena,Departamento Geral do Patrimônio Indígena; Gen. Clodomiro Fortes Flóres (Diretor-Geral DGPI),,,,"Certidão Negativa emitida para atender exigências da SUDAM. A empresa comprometeu-se a informar imediatamente à FUNAI a ocorrência futura de trânsito ou permanência de silvícolas na área, bem como aceitar pacificamente interdição oficial para evitar possíveis conflitos. Escritório da empresa: Rua Cel. Xavier de Toledo nº 210, 2º andar, conj. 22, São Paulo. Processo transitou pela Delegacia de Cuiabá-MT e encaminhado ao DGPI/BSB.",FUNAI503461971.pdf
FUNAI/5/0355/71,CIA. BRASILEIRA AGRO-PASTORIL - CIBRAPA,17/02/1971,5ªDR/FUNAI,Sim,José da Silva Braga,,30/04/1971,Oscar Jerônimo Bandeira de Mello,Presidente da FUNAI,Militar,PA,MT,Barra do Garças,,1ª gleba: meridianos 52°10' e 52°07'; paralelos 15°23' e 15°25'. 2ª gleba: meridianos 52°06' e 52°03'; paralelos 15°27' e 15°29',Sim,2,Sim,Gen. Clodomiro Portes Flores,DGPI,DGPI/BSB; DEMA/MT; Departamento Geral do Patrimônio Indígena,,,,Certidão emitida para apresentação à SUDAM conforme Resolução nº 34 de 15/05/1968. Empresa compromete-se a informar imediatamente à FUNAI a ocorrência futura de trânsito e/ou permanência de silvícolas na área. Processo protocolado sob nº 355 em 11/03/1971. Delegado Regional: TEN. SÉRGIO JOÃO DO AMARAL FERNANDES.,FUNAI503551971.pdf
FUNAI/5/0381/71,PROAGRI - Propriedade de Junot Ananias Ribeiro,09/03/1971,5ª DR/Cuiabá,Sim,Junot Ananias Ribeiro,,24/08/1971,Oscar Jerônimo Bandeira de Mello,Presidente da FUNAI,Militar,SP,MT,Chapada dos Guimarães,,Longitude W: 55°30' a 55°40'; Latitude S: 11°50' a 12°00',Sim,1,Sim,Gen. Clodosniro Porte Flóres,DGPI - Departamento Geral do Patrimônio Indígena,5ª DR/Cuiabá; DGPI/BSB; DEMA/MT,,,,"Projeto agropecuário a ser apresentado à SUDAM. Certidão baseada na Resolução nº 34 de 15/05/1968 do Conselho Deliberativo da SUDAM. Endereço do requerente: Rua Cel. Xavier de Toledo, 210 - 2º and. cj.22, São Paulo. Processo encaminhado ao DGPI/BSB porque funcionário encarregado do Setor de Terras foi transferido para o DEMA/MT.",FUNAI503811971.pdf
FUNAI/5/0382/71,AGROPECUÁRIA CONSUL S.A.,24/02/1971,5ª DR/Cuiabá,Sim,Arnaldo Nunes da Costa,,27/09/1971,Oscar Jerônimo Bandeira de Mello,Presidente da FUNAI,Militar,SP,MT,Chapada dos Guimarães,,54°00' a 54°10' de Longitude W e 12°00' a 12°10' de Latitude Sul,Sim,2,Sim,Gen. Clodomir Barbosa Flores,DGPI,DGPI; 5ª DR/Cuiabá; Departamento Geral do Patrimônio Indígena,,,,"Certidão expedida em atendimento à Resolução nº 34 de 15 de maio de 1968 do Conselho Deliberativo da SUDAM. A empresa compromete-se a informar à FUNAI sobre trânsito ou permanência de silvícolas na área e aceitar interdição oficial para evitar conflitos. Processo protocolado sob nº 0382. Referência: REQTO S/N. Diretor da empresa tem escritório na Rua Cel. Xavier de Toledo nº 210, 2º andar, cj. 22, São Paulo-SP.",FUNAI503821971.pdf
FUNAI/5/0397/71,AGROPECUÁRIA DO PRATA S/A,19/03/1971,Delegacia - Cuiabá - MT,Sim,LUIS ALBERTO MOREIRA FERREIRA,,10/05/1971,Oscar Jerônimo Bandeira de Mello,Presidente da FUNAI,Militar,SP,MT,Chapada dos Guimarães,,Latitude: 13°00' a 13°10' S; Longitude: 54°40' a 54°50' W,Sim,1,Sim,OSCAR JERÔNIMO BANDEIRA DE MELLO,DGPI,Departamento Geral do Patrimônio Indígena; Delegacia Regional/Cuiabá - Ten. Sérgio João do Amaral Fernandes,,,,"Certidão emitida conforme Resolução nº 34, de 15 de maio de 1968, do Conselho Deliberativo. Protocolo nº 0397. A certidão foi emitida para apresentação à SUDAM - Superintendência do Desenvolvimento da Amazônia. Processo tramitado pela 5ª Delegacia Regional em Cuiabá.",FUNAI503971971.pdf
FUNAI/5/0418/71,Agropecuária Continental S.A.,29/03/1971,5ª DR/Cuiabá,Sim,João Marino,,11/06/1971,Oscar Jerônymo Bandeira de Mello,Presidente da FUNAI,Militar,SP,MT,Barra do Garças,,Entre meridianos 52°00' e 52°30' de Longitude W e paralelos 13°20' e 13°30' de Latitude S,Sim,1,Sim,Clodoaldo Fortes Flôres,DGPI,Departamento Geral do Patrimônio Indígena; Adv. Luiz Mattar e Rodrigues - Assessoria Jurídica,,,,Processo iniciado pela 5ª DR/Cuiabá e encaminhado ao DGPI/BSB. Empresa elaborando projeto agropecuário para apresentação à SUDAM. Certidão emitida de acordo com Resolução nº 34 de 15/05/1968 do Conselho Deliberativo da SUDAM. Empresa se compromete a informar imediatamente à FUNAI ocorrência futura de trânsito e/ou permanência de silvícolas na área.,FUNAI504181971.pdf
FUNAI/5/0420/71,AGRO PECUÁRIA ARIPUANÃ S/A,23/03/1971,5ªDR/Cuiabá,Sim,Francisco Matheus,,04/05/1971,Oscar Jerônimo Bandeira de Mello,Presidente da FUNAI,Militar,MT,MT,Aripuanã,,"Extremos: 10°13'50""S a 10°07'40""S; 60°15'00""W a 60°33'45""W",Sim,1,Sim,Gen OSCAR JERÔNYMO BANDEIRA DE MELLO,DGPI,Departamento Geral do Patrimônio Indígena - DGPI; Delegacia Regional 5ªDR Cuiabá; Advogado Laia Mattar e Rodrigues; João Batista Cavalcanti de Melo,,,,"Empresa comprometeu-se a informar imediatamente à FUNAI a ocorrência futura de trânsito e/ou permanência de silvícolas na área, bem como aceitar pacificamente interdição oficial para evitar conflitos. Certidão emitida para apresentação à SUDAM, conforme Resolução nº 34 de 15/05/1968 do Conselho Deliberativo da SUDAM. Processo protocolado em 29/03/1971. Sede da empresa: Fazenda Aripuanã, município de Aripuanã/MT.",FUNAI504201971.pdf
FUNAI/5/0421/71,AGRO PECUÁRIA ITAMARATI S/A,29/03/1971,5ª Delegacia - Cuiabá - MT,Sim,Francisco de Matheus,,04/05/1971,Oscar Jerônimo Bandeira de Mello,Presidente da FUNAI,Militar,SP,MT,Aripuanã,,"Extremos: 10°07'40""S e 10°01'00""S; 60°16'10""W e 60°33'45""W",Sim,1,Sim,Gen Clodomiro Fortes Flores,DGPI,Departamento Geral do Patrimônio Indígena - DGPI; Delegado Regional da 5ªDR/FUNAI - CEL. OLAVO DUARTE MENDES,,,,"Processo encaminhado de Cuiabá para BSB por motivo do encarregado do Setor de Terras ser transferido para o DEMA/MT. Há radiotelegrama de Porto Velho informando que índios transitam naquela área e solicitando responsabilidades de seis horas de voo para sobrevoo local. A certidão condiciona a empresa a informar imediatamente à FUNAI a ocorrência futura de trânsito e/ou permanência de silvícolas na área, bem como aceitar pacificamente interdição oficial para evitar possíveis conflitos. Destinava-se à análise e aprovação de projeto agropecuário pela SUDAM, conforme Resolução nº 34 de 15/05/1968 do Conselho Deliberativo da SUDAM.",FUNAI504211971.pdf
FUNAI/5/0439/71,AGRO PECUÁRIA ARAÇATUBA S/A,19/04/1971,5ªDR/Cuiabá,Sim,Jaime Alves Fontoura,,27/07/1971,Oscar Jerônimo Bandeira de Mello,Presidente da FUNAI,Militar,SP,MT,Chapada dos Guimarães,9998,Longitude: 54°38'W a 54°38'W - Latitude: 12°42'S a 12°43'S,Sim,5,Sim,Gen. Clodomiro Porte de Oliveira,DGPI,Departamento Geral do Patrimônio Indígena,,,,"A certidão atesta não haver conhecimento da existência de aldeamento indígena na área. A empresa se compromete a informar imediatamente à FUNAI a ocorrência futura de trânsito e/ou permanência de silvícolas na área, e a aceitar pacificamente interdição oficial com a finalidade de evitar possíveis conflitos. Certidão emitida para atender exigências da SUDAM, conforme Resolução nº 349 de 15/05/1968. Processo possui 4 lotes contíguos com plantas individuais (lotes Bottardi de Alcindo João Martins, Luiz Tonarque, Joaquim Farato e Fernando Vilela).",FUNAI504391971.pdf
FUNAI/5/0440/71,AGROPECUÁRIA QUATRO IRMÃOS S/A,01/04/1971,5ª DR/Cuiabá,Sim,Francisco Cezar Martins Villela,,04/06/1971,Oscar Jerônimo Bandeira de Mello,Presidente da FUNAI,Militar,SP,MT,Barra do Garças,19926,"Longitude: 51°29'W a 51°43'10""W; Latitude: 12°25'30""S a 12°30'S",Sim,2,Sim,Gen. Clodomiro Fortes Flores,DGPI,5ª Delegacia Regional/Cuiabá; Departamento Geral do Patrimônio Indígena - DGPI,Xavante,Parque do Rio dos Mortes (P.I. Xingu),Aweti; Ikpeng; Kajkwakratxi (Tapayuna); Kalapalo; Kamaiurá; Kawaiwete (Kaiabi); Khisêtjê; Kuikuro; Matipu; Mehinako; Nahukwá; Naruvotu; Trumai; Wauja; Yawalapiti; Yudja,"Certidão emitida para apresentação à SUDAM. Área situada próxima à rodovia Xavantina-Cachimbo, entre propriedades como Agro-Pecuária Três Marias S/A, Holtran S/A, Sete Barras S/A, Ariosto, Amélia Junqueira S/A, Suiá-Missú, Guanabara S/A, Fazenda Caaporá. Procurador: Jaime Alves Fontoura. Processo encaminhado ao DGPI em 23/04/1971. Houve cobrança da certidão pela empresa em 17/05/1971 e 09/06/1971. Ofício 59/DGPI de 07/06/1971 comunica assinatura da certidão.",FUNAI504401971.pdf
FUNAI/5/0448/71,AGROPASTORIL ARUJÁ S/A,19/04/1971,5ª DR/Cuiabá,Sim,Francisco de Matheus,,03/05/1971,Oscar Jerônimo Bandeira de Mello,Presidente da FUNAI,Militar,MT,MT,Aripuanã,,"Paralelos: 10°21'00""S e 10°13'50""S; Meridianos: 60°14'30""W e 60°33'45""W",Sim,1,Sim,Gen Clodomiro Fortes,DGPI,Cel. Olavo Duarte Mendes - Del. Reg. da 5ª DR/FUNAI; Adv. Maia Matos e Rodrigues - Ass. Jurídica; José Valdenio Lopes Vieira; Gen Clodomiro Fortes - Diretor-Geral DGPI; Insp. Meirelles - Delegado da 8ªDR; José Kurtz,,,,"A certidão contém cláusula condicionante: empresa deve informar imediatamente à FUNAI a ocorrência futura de trânsito e/ou permanência de silvícolas na área, e aceitar pacificamente interdição oficial para evitar possíveis conflitos. Certidão expedida em conformidade com Resolução nº 34 de 15/05/1968 do Conselho Deliberativo da SUDAM. Há radiotelegrama recebido de Porto Velho indicando que 'índios transitam naquela área' e solicitando responsabilidades da empresa de 6 horas de voo para verificação local. Processo encaminhado ao DGPI/BSB devido transferência do encarregado do Setor de Terras para DEMA/MT.",FUNAI504481971.pdf
FUNAI/5/0495/74,Fazenda Santa Maria,25/04/1974,5ª DR/Cuiabá,Sim,Cyro Ribas Taques,48,17/06/1974,Ismarth de Araújo Oliveira,Presidente da FUNAI,Militar,PR,MT,Chapada dos Guimarães,12711,LATITUDE: 13°54'S a 14°05'S; LONGITUDE: 54°48'W a 55°01'W,Sim,3,Sim,Ismarth de Araújo Oliveira,DGPI,Dr. José Corbelino (Advogado 5ª DR); Divisão de Registro Patrimonial; Valter Ferreira Mendes (Assistente Diretor DGPI); Alceu Cotia Mariz (Antropólogo); Demócrito Soares de Oliveira (Diretor DGPI); Rubens Auto da Cruz Oliveira (Diretor Substituto DGPC),,Reserva de Simões Lopes (T.I. Bakairi),Bakairi,"Requerente solicitou certidão negativa informando se a Fazenda Santa Maria estava no centro de alguma reserva indígena. Advogado da 5ª DR/Cuiabá opinou favoravelmente. Certidão destina-se à Superintendência do Desenvolvimento da Amazônia (SUDAM), de acordo com a Resolução nº 34, de 14/05/1968. Área distante de reservas indígenas, sendo a mais próxima a de Simões Lopes, que está demarcada e não apresenta pontos de atrito. Requerente residente em Curitiba/PR à Rua Idelfonso Borba Cordeiro, 77.",FUNAI504951974 .pdf
FUNAI/5ª/0527/74,Agropecuária São Francisco do Marape Ltda.,30/04/1974,5ª DR/Cuiabá,Sim,Avelino Zimmermann,50,13/07/1974,Ismarth de Araujo Oliveira,Presidente da FUNAI,Militar,MT,MT,Diamantino,38742,Latitude 13°00' a 13°30'S; Longitude 56°00' a 56°30'WGR. Descrição por marcos MP-I a MP-X com rumos magnéticos e distâncias detalhadas,Sim,1,Sim,Ismarth de Araujo Oliveira,DGPI,Advogado 5ª DR; Divisão de Registro Patrimonial/DGPI; DEP; Antropólogo Alceu Cotia Mariz; Demócrito Soares de Oliveira (Diretor DGPI); Walter Ferreira Mendes (Assistente Diretor DGPI); Rubens Auto da Cruz Oliveira (Diretor Substituto DGPC),Tapayuna,Reserva Tapayuna (T.I. Tapayuna),Tapayuna,"Área localizada próxima à Reserva Tapayuna, distante cerca de 50 km a oeste, tendo o rio Arinos como divisa natural. Fazenda localizada à margem da estrada que liga BR-156 a Porto dos Gauchos. Foi recomendado consultar Missão Anchieta e orientar proprietário sobre procedimentos em caso de aparecimento de indígenas. Certidão válida para SUDAM conforme Resolução nº 4 de 14/05/1968. Taxa de Cr$ 250,50 paga em 08/04/1974. Procurador: Karl Bernhard Isernhagen.",FUNAI505271974.pdf
FUNAI/BSB/321/71,SANVILL AGRO-PASTORIL INDUSTRIAL LTDA,29/01/1971,Sede/BSB,Sim,Fernando Vergueiro,,09/02/1971,Oscar Jerônimo Bandeira de Mello,Presidente da FUNAI,Militar,SP,MT,Diamantino,,"12°05'30""S a 12°13'00""S; 56°49'00""W a 56°59'00""W",Sim,1,Sim,Gen Clodomiro Porte Flôres,DGPI,Departamento Geral do Patrimônio Indígena - DGPI,,,,"Certidão emitida sem restrições. Os interessados se comprometem a informar imediatamente à FUNAI sobre ocorrência futura de trânsito e/ou permanência de silvícolas na área, bem como aceitar interdição oficial para evitar conflitos. Certidão válida perante SUDAM conforme Resolução 349 de 15/05/1968. Escritório de Agronomia Sergio Vergueiro em São Paulo. Projeto agropecuário a ser apresentado à SUDAM. Procurador: João Gilberto Bernoldi (autorizado a retirar certidão).",FUNAIBSB03211971.pdf
FUNAI/BSB/322/71,SANTA PAULA AGROPECUÁRIA LTDA,29/01/1971,Sede/BSB,Sim,Fernando Vergueiro,,04/05/1971,Oscar Jerônimo Bandeira de Mello,Presidente da FUNAI,Militar,SP,AM,Airão,,60°06' a 60°15' longitude W; 02°00' a 02°08' latitude Sul,Sim,2,Sim,Oscar Jerônimo Bandeira de Mello,Departamento Geral do Patrimônio Indígena,Uni Valdenio Lopes Visto; João Batista Cavalcanti de Mello,Waimiri/Atroari,,Waimiri-Atroari,"A área não se enquadra na reserva criada pelo Decreto nº 63.368 de 08/10/1968. A empresa compromete-se a informar imediatamente à FUNAI a ocorrência futura de trânsito e/ou permanência de silvícolas na área e aceitar pacificamente interdição oficial. Certidão fará fé perante a SUDAM conforme Resolução nº 34 de 15/05/1968. Representante em Brasília: João Gilberto Bernoldi, Ed. José Severo 503/4. Processo menciona sobrevoo da região e constatação de inexistência de aldeamento.",FUNAIBSB03221971.pdf
FUNAI/BSB/323/71,AGRO PECUÁRIA E INDUSTRIAL YAMANE LTDA.,29/01/1971,Sede/BSB,Sim,Fernando Vergueiro,,21/05/1971,Oscar Jerônimo Bandeira de Mello,Presidente da FUNAI,Militar,SP,AM,Airão,,60°38' a 60°46' longitude W; 2°01' a 2°09' latitude Sul,Sim,2,Sim,Gen Cloamiro Fortes Flores,DGPI,DGPI - Departamento Geral do Patrimônio Indígena; DGEP - Departamento Geral de Estudos e Pesquisas; José Valdeciro Lopes Vinto,Atroari; Waimiri,,Waimiri-Atroari,"Área próxima ao território dos índios Atroari e Waimiri. DGEP inicialmente manifestou-se contrário à concessão por risco de repetição do 'Caso Calleri'. Após sobrevoo da área, verificou-se inexistência de aldeiamentos. A área não se inclui na proposta de Reserva para os Waimiri/Atroari. A empresa se compromete a informar imediatamente à FUNAI eventual ocorrência de trânsito ou permanência de silvícolas na área. João Gilberto Bernoldi autorizado a retirar a certidão.",FUNAIBSB03231971.pdf
FUNAI/BSB/454/71,AGROPECUÁRIA TANGURO S/A,04/02/1971,Sede/BSB,Sim,FERNANDO VERGUEIRO,,18/02/1971,Oscar Jerônimo Bandeira de Mello,Presidente da FUNAI,Militar,SP,MT,Barra do Garças,,52°19' a 52°33' Longitude W; 12°38' a 13°05' Latitude S,Sim,2,Sim,Gen Clodomiro Fortes Fióles,DPI - Departamento Geral do Patrimônio Indígena,J. B. Cavalheiro; Valdemar,,,,"Processo iniciado pela empresa através do Escritório de Agronomia Sergio Vergueiro, com sede em São Paulo. Autorização emitida para João Gilberto Bernold retirar a certidão. A certidão afirma não haver conhecimento da existência de aldeamento indígena nas terras de interesse, válida para apresentação à SUDAM. A empresa comprometeu-se a informar à FUNAI caso ocorra trânsito ou permanência de silvícolas na área.",FUNAIBSB04541971.pdf
FUNAI/BSB/455/71,AGROPECUÁRIA PRIMAVERA S/A,10/02/1971,Sede/BSB,Sim,Fernando Vergueiro,,31/03/1971,Oscar Jerônimo Bandeira de Mello,Presidente da FUNAI,Militar,SP,MT,Cuiabá,,54°00' a 54°05' Longitude W; 15°06' a 15°14' Latitude S,Sim,1,Sim,Gen Clodomiro Porfírio Flôres,DGPI - Departamento Geral do Patrimônio Indígena,Departamento Geral do Patrimônio Indígena; José Valdevino; Laia Mattar e Rodrigues,,,,"Empresa com escritório à Rua Estados Unidos, 746, São Paulo/SP. Projeto agropecuário a ser apresentado à SUDAM. Procurador João Gilberto Bernold, autorizado a retirar a certidão. A certidão menciona que a empresa se compromete a informar imediatamente à FUNAI sobre ocorrência de trânsito e/ou permanência de silvícolas na área. Referência à Resolução nº 34 de 15/05/1968 do Conselho Deliberativo da SUDAM.",FUNAIBSB04551971.pdf
FUNAI/BSB/456/71,Agropecuária São Luiz de Cáceres Ltda.,10/02/1971,Sede/BSB,Sim,Fernando Vergueiro,,16/03/1971,Oscar Jerônimo Bandeira de Mello,Presidente da FUNAI,Militar,SP,MT,Cáceres,,Longitude W: 58°31' a 58°38'; Latitude S: 15°51' a 16°00',Sim,1,Sim,Gen. Clodomiro Fortes Flores; João Gilberto; José Bandeira de Mello,Departamento Geral do Patrimônio Indígena,Departamento Geral do Patrimônio Indígena,,,,"Certidão emitida para fins de apresentação à SUDAM (Superintendência do Desenvolvimento da Amazônia), conforme Resolução n° 34 de 15/05/1968. O requerente autoriza João Gilberto Bernold a retirar a certidão negativa. Há várias versões da mesma certidão no processo. A empresa compromete-se a informar imediatamente à FUNAI caso ocorra trânsito ou permanência de silvícolas na área e aceitar pacificamente interdição oficial.",FUNAIBSB04561971.pdf
FUNAI/BSB/1164/75,,14/05/1975,Sede/BSB,Sim,João Pereira de Matos,30,10/06/1976,Ismarth de Araújo Oliveira,Presidente da FUNAI,Militar,GO,PA,Conceição do Araguaia,2940.0,"5 vértices; PONTO 1: 07°20'05""S 50°40'34""W; PONTO 2: 07°20'10""S 50°40'06""W; PONTO 3: 07°20'18""S 50°37'11""W; PONTO 4: 07°23'24""S 50°38'44""W; PONTO 5: 07°22'45""S 50°41'39""W",Sim,2,Sim,Ismarth de Araújo Oliveira,DGPI,Divisão de Registro Patrimonial - DGPI; DGPC - Departamento Geral de Planejamento Comunitário; Valter Ferreira Mendes (Diretor Substituto DGPI); Saulo Coutinho e Rodriguez (Chefe da Divisão de Registro Patrimonial); Demócrito Soares de Oliveira (Diretor do DGPI),,Parque Indígena Kaiapó (T.I. Kayapó),Isolados do Rio Fresco; Kayapó,"Requerente inicialmente solicitou certidão para lote n° 18 do Loteamento Araguachim. Em dezembro de 1975, a Divisão de Registro Patrimonial informou que 2% da área estava encravada dentro dos limites propostos para criação do Parque Indígena Kaiapó. Em janeiro de 1976, DGPI solicitou novas coordenadas excluindo a parte que invadia área indígena. Em abril de 1976, requerente apresentou novo mapa com coordenadas da área fora da TI. Certidão emitida com ressalva de que FUNAI não se responsabiliza pelos dados fornecidos pelo requerente. Taxa paga: Cr$ 372,96 (70% do maior salário mínimo vigente, conforme Portaria 128/2 de 19.07.74). Requerente comprometeu-se a comunicar à FUNAI a ocorrência de trânsito ou permanência de índios na área.",FUNAIBSB11641975.pdf
FUNAI/BSB/1367/75,José Batista de Moura,28/05/1975,Sede/BSB,Sim,José Batista de Moura,92,14/11/1975,Ismarth de Araújo Oliveira,Presidente da FUNAI,Militar,GO,PA,São Félix do Xingu,2900,"PONTO 1: 07°20'00""S 50°48'10""W; PONTO 2: 07°20'47""S 50°45'37""W; PONTO 3: 07°23'58""S 50°46'23""W; PONTO 4: 07°23'04""S 50°48'56""W",Sim,1,Sim,Demócrito Soares de Oliveira,D.G.P.I.,Divisão de Registro Patrimonial - D.G.P.I.; D.G.P.C.; Departamento de Planejamento Comunitário - D.E.P.,Kaiapó,Parque Indígena Kaiapó (T.I. Kayapó),Isolados do Rio Fresco; Kayapó,"A área faz parte do loteamento Araguaxim, localizado a leste do Parque Kaiapó. O processo menciona que a área estava inicialmente dentro dos limites propostos para criação do Parque Indígena Kaiapó, mas após acordos com os índios (capitães Pombo e Kanhonk), houve liberação dessa área. A certidão foi emitida após análise da DEP que confirmou que a área está fora dos limites do Parque. O requerente foi orientado a comunicar à FUNAI qualquer ocorrência de trânsito ou permanência de índios na área. Há procuração outorgada a Paulo Costa Lages e substabelecida a Eusio José Correa Bittencourt.",FUNAIBSB13671975.pdf
FUNAI/BSB/2148/74,Fazenda Estrela D'Oeste S/A,05/08/1974,Sede/BSB,Sim,Clovis Ribeiro Cintra,3,16/01/1975,Gelcitar Soares dos Santos,Presidente em Exercício,Civil,,MT,Barra do Garças,265.207.208,Paralelos: 14°00'S a 14°30'S; Meridianos: 53°00'W a 53°30'W,Sim,1,Sim,Demócrito Soares de Oliveira,D.G.P.I.,Departamento Geral de Patrimônio Indígena; Departamento de Planejamento Comunitário; Divisão de Registro Patrimonial; Seção de Terras,Xavantes,,Xavante,"Processo inclui escritura pública de promessa de compra e venda de três lotes (Santa Amélia, Santa Joana e outro) da Fazenda Xavantina. Taxa recolhida: Cr$ 263,76 (70% do maior salário mínimo vigente). Certidão válida perante SUDAM conforme Resolução nº 34 de 14/05/1966. Em 2002 foi solicitada plotagem dos limites da certidão em relação às terras indígenas mais próximas.",FUNAIBSB21481974 .pdf
FUNAI/BSB/2201/74,Fazenda São Joaquim,14/08/1974,Sede/BSB,Sim,Armando Conceição,46,21/07/1975,Ismarth de Araújo Oliveira,Presidente da FUNAI,Militar,SP,MT,Barra do Garças,5000,"Latitude de 14°12'48""S a 14°18'40""S; Longitude de 53°02'40""W a 52°57'10""W",Sim,2,Sim,Demócrito Soares de Oliveira,DGPI,Departamento Geral do Patrimônio Indígena; Departamento Geral de Planejamento Comunitário; Divisão de Registro Patrimonial; Loio Mattar e Rodrigues,Xavante,Reserva Indígena Couto Magalhães,Xavante,"Processo inicial em 1974, mas certidão negativa emitida em 1975. Há menção expressa de que a área confronta-se com a Reserva Couto Magalhães, cujos limites foram fixados pela Portaria nº 01104 do Ministério do Interior de 19/09/1972. O requerente assume compromisso de comunicar à FUNAI eventual ocorrência de trânsito ou permanência de índios na área e aceitar interdição oficial. Processo revisitado em 2002 pela Coordenação de Georreferenciamento (CCART/DED) para plotar limites da certidão em relação às terras indígenas próximas.",FUNAIBSB22011974.pdf
FUNAI/BSB/2589/70,AGRO-INDUSTRIAL DELTA LTDA,06/10/1970,Sede/BSB,Sim,Fernando Vergueiro,,21/05/1971,Oscar Jerônimo Bandeira de Mello,Presidente da FUNAI,Militar,SP,AM,Airão,,60°29' a 60°38' Longitude W; 01°57' a 02°05' Latitude Sul,Sim,1,Sim,Oscar Jerônimo Bandeira de Mello,Departamento Geral do Patrimônio Indígena,Departamento Geral do Patrimônio Indígena,,,,"O documento faz referência ao Decreto nº 63.368 de 08/10/68 sobre Reserva de Índios. A certidão menciona que a área não se enquadra na área criada para Reserva de Indios. O projeto seria apresentado à SUDAM (Superintendência do Desenvolvimento da Amazônia) conforme Resolução nº 34 de 15/05/1968. A empresa se compromete a informar imediatamente à FUNAI a ocorrência futura de trânsito/permanência de silvícolas na área e aceitar interdição oficial para evitar conflitos. Município de Diamantino é mencionado no requerimento, mas a certidão especifica Airão, AM.",FUNAIBSB25891970.pdf
FUNAI/BSB/2590/70,AGROPECUÁRIA RIO NEGRO LTDA,06/10/1970,Sede/BSB,Sim,FERNANDO VERGUEIRO,,18/05/1971,Oscar Jerônimo Bandeira de Mello,Presidente da FUNAI,Militar,SP,MT,Diamantino,,Entre 10°20' e 10°27' latitude; 59°52' e 59°59' longitude,Sim,1,Sim,Oscar Jerônimo Bandeira de Mello,DGPI - Departamento Geral do Patrimônio Indígena,Departamento Geral do Patrimônio Indígena,,,,"A certidão atesta que não há aldeamento indígena nas terras de propriedade da empresa, nas coordenadas entre 60°09' e 60°17' longitude e 01°55' a 02°02' de latitude Sul, no município de Airão, Estado do Amazonas (coordenadas diferentes das mencionadas no requerimento). A certidão foi necessária para apresentação à SUDAM para projeto agropecuário. O requerimento menciona que as áreas não se enquadram na área criada para Reserva de Índios pelo Decreto nº 63.368 de 08/10/68.",FUNAIBSB25901970.pdf
FUNAI/BSB/2591/70,AGROPECUÁRIA ALNORTE LTDA,06/10/1970,Sede/BSB,Sim,Fernando Vergueiro,,21/05/1971,Oscar Jerônimo Bandeira de Mello,Presidente da FUNAI,Militar,SP,MT,Diamantino,,Entre 10°51' e 10°58' Latitude Sul e 59°50' e 59°57' Longitude Oeste,Sim,1,Sim,Oscar Jerônimo Bandeira de Mello,DGPI - Departamento Geral do Patrimônio Indígena,1ª Delegacia Regional,,,,"A certidão declara que não há aldeamento indígena nas terras da empresa. O requerente informou que as áreas não se enquadram na área criada para Reserva de Índios pelo Decreto nº 63.368 de 08/10/68. A certidão estabelece obrigação da empresa de informar imediatamente à FUNAI a ocorrência futura de trânsito e/ou permanência de silvícolas na área, aceitando eventual interdição oficial para evitar conflitos. Processo protocolado em 19/10/1970. Escritório de Agronomia Sergio Vergueiro representa a empresa. Endereço: Rua Estados Unidos, 746, São Paulo/SP.",FUNAIBSB25911970.pdf
FUNAI/BSB/3368/80,LYDIA NUNES DE OLIVEIRA,10/10/1980,2ªDR/Belém,Sim,LYDIA NUNES DE OLIVEIRA,29,16/06/1981,João Carlos Nobre da Veiga,Presidente da FUNAI,Militar,PA,PA,São Félix do Xingu,3000,"4 vértices; A: 53°25'15""WGr x 06°00'00""S; B: 53°25'15""WGr x 06°03'14""S; C: 53°27'57""WGr x 06°03'14""S; D: 53°27'57""WGr x 06°00'00""S",Sim,3,Sim,JOÃO CARLOS NOBRE DA VEIGA,DGPI,DDF/DGPI; DID/DGPI; DGPC; DGO; PJ; Ajudância de Altamira; 2ª DR/Belém,Kayapó,,Kayapó,"Requerente é Técnica em Contabilidade, CPF 002.989.132/91. Possui Título Provisório de Vendas de Terras nº 000892 expedido pela Secretaria de Estado de Agricultura do Pará em 10/03/1975. Área situada a 124 km da Reserva Indígena Kayapó. A Ajudância de Altamira informou que não existe registro de índios arredios na região do Rio Pardo. Processo tramitou entre outubro/1980 e junho/1981. Certidão emitida com base na Portaria nº 574/N/79.",FUNAIBSB33681980.pdf
FUNAI/BSB/3370/80,Oswaldo Nasser Tuma,10/10/1980,2ªDR/Belém,Sim,Oswaldo Nasser Tuma,26,16/06/1981,João Carlos Nobre da Veiga,Presidente da FUNAI,Militar,PA,PA,São Félix do Xingu,3000,"4 vértices; A: 53°19'51""W x 06°00'00""S; B: 53°19'51""W x 06°03'14""S; C: 53°22'33""W x 06°03'14""S; D: 53°22'33""W x 06°00'00""S",Sim,2,Sim,João Carlos Nobre da Veiga,DGPI,DDF - Divisão de Documentação Fundiária; DID - Divisão de Identificação e Delimitação; DGPC - Departamento Geral de Planejamento Comunitário; DGO; PJ - Procuradoria Jurídica; 2ªDR/Belém; Ajudância de Altamira,Kayapó,,Kayapó,"Área localizada a 121 km da Reserva Indígena Kayapó. Certidão emitida após verificação de que não há presença de índios arredios na região do Rio Pardo. Responsável técnico pelas coordenadas: Carmélia da Rocha Góes, Técnica em Agrimensura, CREA 144/TAD. Lote originalmente cadastrado no INCRA sob nº 000887, com Título Provisório de Venda de Terras expedido pela SAGRI/PA em 10/03/1975.",FUNAIBSB33701980.pdf
FUNAI/BSB/3371/80,MARIA NORMA NUNES DE OLIVEIRA,10/10/1980,2ªDR/Belém,Sim,MARIA NORMA NUNES DE OLIVEIRA,24,16/06/1981,João Carlos Nobre da Veiga,Presidente da FUNAI,Militar,PA,PA,São Félix do Xingu,3000,"4 vértices; A: 06°03'14""S 53°25'15""W; B: 06°06'28""S 53°25'15""W; C: 06°06'28""S 53°27'57""W; D: 06°03'14""S 53°27'57""W",Sim,3,Sim,JOÃO CARLOS NOBRE DA VEIGA,DGPI,DDF/DGPI; DID/DGPI; DGPC; DGO; PJ; 2ªDR/Belém; Ajudância de Altamira,Grupo Araweté; Grupo Asurini,Área Indígena Ipixuna (T.I. Ipixuna); Reserva Indígena Kayapó (T.I. Kayapó),Parintintin; Isolados do Rio Fresco; Kayapó Araweté; Asurini,"A área encontra-se a aproximadamente 100 km da Área Indígena Ipixuna, a mais próxima do imóvel. Processo instruído conforme Portaria 574/N/79. Responsável técnica: Carmelia da Rocha Góes, Téc. em Agrimensura, CREA 144-TAD (1ª. PA). Base cartográfica: 1:1.000.000 SB-22-Y-A RADAMBRASIL. Título Provisório de Venda de Terras nº 000187, cadastro INCRA nº 000888, expedido pela SAGRI-PA em 10/03/1975.",FUNAIBSB33711980.pdf
FUNAI/BSB/3372/80,WALDEMAR ALVES DE OLIVEIRA,10/10/1980,2ªDR/Belém,Sim,WALDEMAR ALVES DE OLIVEIRA,21,16/06/1981,João Carlos Nobre da Veiga,Presidente da FUNAI,Militar,PA,PA,São Felix do Xingu,3000,"4 vértices; A: 53°27'57""W 06°00'00""S; B: 53°27'57""W 06°03'14""S; C: 53°30'39""W 06°03'14""S; D: 53°30'39""W 06°00'00""S",Sim,2,Sim,JOÃO CARLOS NOBRE DA VEIGA,DGPI/DDF,DDF - Divisão de Demarcação Fundiária; DID - Divisão de Identificação e Documentação; DGPC - Departamento Geral de Planejamento Comunitário; Ajudância de Altamira; 2ª Delegacia Regional,Kayapó,,Kayapó,"Lote sem denominação, destinado a atividade agropecuária. Área situada a aproximadamente 126 km da Reserva Indígena Kayapó. Informação da Ajudância de Altamira e da 2ªDR indica que não existem notícias de índios arredios na região do Rio Pardo até a data do processo. Responsável técnico: Carmélia da Rocha Góes (TEC. EM AGRIMENSURA 144-TAD). Base cartográfica: 1:1.000.000 SB-22-Y-A RADAMBRASIL. Requerente é motorista, CPF 013.037.752/04. Título Provisório de Venda de Terras nº 000895 da SAGRI-PA.",FUNAIBSB33721980.pdf
FUNAI/BSB/3373/80,LORI HEDI DREHER NUNES,10/10/1980,2ªDR/Belém,Sim,LORI HEDI DREHER NUNES,27,16/06/1981,João Carlos Nobre da Veiga,Presidente da FUNAI,Militar,PA,PA,São Félix do Xingu,3000,"4 vértices; a) 06°03'14""S e 53°19'51""W; b) 06°06'28""S e 53°19'51""W; c) 06°06'28""S e 53°22'33""W; d) 06°03'14""S e 53°22'33""W",Sim,2,Sim,JOÃO CARLOS NOBRE DA VEIGA,DGPI,DDF/DGPI; DID/DGPI; DGPC; DGO; PJ; 2ª DR Belém; Ajudância de Altamira,Kayapó; Arawete; Asurini,Área Indígena Ipixuna (T.I. Ipixuna); Reserva Indígena Bacajá (T.I. Trincheira Bacajá),Parintintin; Kayapó; Xikrin; Arawete; Asurini,"Processo instruído com Título Provisório de Vendas de Terras n° 000889 expedido pela SAGRI-PA em 10/03/1975. Base cartográfica: SB-22-Y-A RADAMBRASIL. Responsável técnica: Carmélia da Rocha Góes (Téc. em Agrimensura, CREA 144/TAD 1a. PA). A DDF informou que a área está a 92 km da Área Indígena Ipixuna. A DID informou que não há notícias de índios arredios na região conforme resposta da Ajudância de Altamira.",FUNAIBSB33731980.pdf
FUNAI/BSB/3374/80,Joana Moraes,10/10/1980,2ªDR/Belém,Sim,Joana Moraes,20,16/06/1981,João Carlos Nobre da Veiga,Presidente da FUNAI,Militar,PA,PA,São Félix do Xingu,3000,"4 vértices; A: 53°22'33""W 06°00'00""S; B: 53°22'33""W 06°03'14""S; C: 53°25'15""W 06°03'14""S; D: 53°25'15""W 06°00'00""S",Sim,2,Sim,João Carlos Nobre da Veiga,DGPI,DDF; DID; DGPC; Ajudância de Altamira; 2ª Delegacia Regional,Kayapó,,Kayapó,"Lote de terras sem denominação, destinado a atividade agropastoril. Área situada a aproximadamente 125 km da Reserva Indígena Kayapó. A requerente possui Título Provisório de Vendas de Terras nº 000896, expedido pela SAGRI/PA em 10/03/1975. Processo instruído conforme Portaria nº 574/N/79. Responsável técnica pelas coordenadas: Carmélia da Rocha Góes (Téc. em Agrimensura, CREA 144-TAD/PA).",FUNAIBSB33741980.pdf
FUNAI/BSB/3375/80,Miguel Simão Tuma,20/10/1980,2ªDR/Belém,Sim,Miguel Simão Tuma,23,16/06/1981,João Carlos Nobre da Veiga,Presidente da FUNAI,Militar,PA,PA,São Félix do Xingu,3000,"4 vértices; A: 06°00'00""S 53°17'09""W; B: 06°03'14""S 53°17'09""W; C: 06°03'14""S 53°19'51""W; D: 06°00'00""S 53°19'51""W",Sim,3,Sim,João Carlos Nobre da Veiga,DGPI,DDF (Divisão de Documentação Fundiária); DID (Divisão de Identificação e Delimitação); DGPC; DGO; PJ; Ajudância de Altamira; 2ª DR/Belém,Kayapó; Araweté,Reserva Indígena Kayapó (T.I. Kayapó); Área Indígena Ipixuna (T.I. Ipixuna),Kayapó; Isolados do Rio Fresco; Araweté; Parintintin,"Requerente é dentista, proprietário de lote de terras destinado a atividade agropastoril. Título Provisório de Venda de Terras nº 000894, expedido pela SAGRI/PA em 10/03/1975. Área encontra-se a aproximadamente 84 km da Área Indígena Ipixuna (índios Araweté) e cerca de 118 km da Reserva Kayapó. Técnica responsável pelas coordenadas: Carmélia da Rocha Góes (Tec. em Agrimensura, CREA 144-TAD 1a. PA). CPF do requerente: 000.270.062-04. Processo tramitou entre outubro/1980 e junho/1981.",FUNAIBSB33751980.pdf
FUNAI/BSB/3376/80,Lote de terras sem denominação,10/10/1980,2ªDR/Belém,Sim,WALDESON FERREIRA TORRES,25,16/06/1981,João Carlos Nobre da Veiga,Presidente da FUNAI,Militar,PA,PA,São Félix do Xingu,3000,"4 vértices; a) 53°27'57""WGr x 06°03'14""S; b) 53°27'57""WGr x 06°06'28""S; c) 53°30'39""WGr x 06°06'28""S; d) 53°30'39""WGr x 06°03'14""S",Sim,2,Sim,JOÃO CARLOS NOBRE DA VEIGA,DGPI/DF,DDF - Divisão de Documentação Fundiária; DID - Divisão de Identificação e Delimitação; DGPC - Departamento Geral de Planejamento Comunitário; DGO; PJ - Procuradoria Jurídica; 2ª DR/Belém; Ajudância de Altamira,Kayapó,,Kayapó,"Área situada a aproximadamente 119 km da Reserva Indígena Kayapó. Processo instruído com Título Provisório de Vendas de Terras nº 000891, expedido pela SAGRI (Secretaria de Estado de Agricultura do Pará) em 10/03/1975. Responsável técnica pelas coordenadas geográficas: Carmélia da Rocha Góes, Técnica em Agrimensura, CREA 144-TAD. Base cartográfica: SB-22-Y-A RADAMBRASIL, escala 1:1.000.000. Ajudância de Altamira informou não existir notícias de índios arredios na região do Rio Pardo.",FUNAIBSB33761980.pdf
FUNAI/BSB/3500/80,,10/10/1980,Sede/BSB,Sim,ROLDÃO SENGER,41,15/10/1981,João Carlos Nobre da Veiga,Presidente da FUNAI,Militar,PR,PR,Quedas do Iguaçu,386.87,"A) 25°19'23""S e 52°48'47""W; B) 25°19'54""S e 52°48'44""W; C) 25°20'06""S e 52°46'52""W; D) 25°21'08""S e 52°46'47""W",Sim,3,Sim,João Carlos Nobre da Veiga,DGPI,DDF - Divisão de Documentação Fundiária; DID - Divisão de Identificação; Eng° Civil Oswaldo Stahlschmidt,,Área Indígena Rio das Cobras (T.I. Rio das Cobras),Guarani; Kaingang,"Processo apresentou inconsistências quanto à área total e coordenadas geográficas. Houve solicitação de diligência ao interessado (Carta 112/DGPI de 12/06/1981) para esclarecimentos sobre localização, área e documentação de propriedade. A DDF informou que a área estaria distante aproximadamente 2.450 metros da Área Indígena Rio das Cobras. Imóvel localizado na Gleba 7, primeira parte da Colônia Adelaide, compreendendo partes dos lotes 157, 156, 155, 154, 145, 144, 143 e 142. Área cadastrada no INCRA sob diversos protocolos.",FUNAIBSB35001980_parte2.pdf
FUNAI/BSB/3842/80,Fazenda Marambaia,18/11/1980,2ªDR/Belém,Sim,SAULO DO VAL ESTEVES DE ALMEIDA,012/81,31/03/1981,João Carlos Nobre da Veiga,Presidente da FUNAI,Militar,PA,PA,Portel,18000,"7 vértices; M-I: 02°24'16""S 51°32'20""W; M-II: 02°22'30""S 51°29'58""W; M-III: 02°25'22""S 51°26'23""W; M-IV: 02°28'36""S 51°25'45""W; M-V: 02°32'21""S 51°19'42""W; M-VI: 02°34'35""S 51°20'46""W; M-VII: 02°31'44""S 51°28'20""W",Sim,2,Sim,CLÁUDIO H. PAGANO DE MELLO,DGPI,DDF (Divisão de Demarcação e Fiscalização); DID (Divisão de Identificação e Delimitação); Advogado Raimundo Nonato Soares Rabendo (2ªDR); Delegado Regional Paulo Cezar Silva de Abreu (2ªDR),Assurini de Trocará; Assurini de Koatinemo; Kararaô,,Asurini; Kayapó,"Área originalmente denominada Gleba Floresta. Coordenadas fornecidas por Carmélia da Rocha Góes (CREA 144-TAD/1a.Região). Distâncias informadas: 95 km da Base Indígena Kararaô e 195 km do Posto Indígena Trocará. CPF do requerente: 122.804.378-72. Processo tramitou inicialmente para DGPC mas foi devolvido em janeiro/1981 por determinação do Presidente, cabendo apenas ao DGPI a instrução de certidões negativas. Carta ao interessado expedida em 31/03/1981. Autorização para terceiro (Danilo Fernandes Diagaimães, CPF 190.914.517-34) retirar certidão em Brasília.",FUNAIBSB38421980.pdf
FUNAI/BSB/3919/78,AJAX CIA NACIONAL DE SEGUROS,28/08/1978,Sede/BSB,Sim,ROBERTO MUNIZ RONDON e ADOLFO BERTOCHE FILHO,2,22/01/1979,Ismarth Araújo de Oliveira,Presidente da FUNAI,Militar,RJ,PA,Portel,3000,"LATITUDE: 03°31'13"" a 03°33'39"" Sul; LONGITUDE: 51°11'37"" a 51°16'45"" Oeste",Sim,3,Sim,Walter Ferreira Mendes,DGPI,Divisão de Registro Patrimonial - DGPI; Departamento Geral de Planejamento Comunitário - DGPC; Departamento Geral de Operações - DGO,Índios Araras; Índios Parakanã do Anapu e Preto,,Arara; Parakanã,"Área denominada Fazenda Bacajax, lote 07 da Gleba Bacajá, adquirida por licitação de terras públicas efetuada pelo INCRA. Contrato de Alienação de Terras Públicas INCRA datado de 11/05/1976. Área interditada para os índios Araras situa-se a 250 km a sudoeste da área requerida. Certificação condicionada à comunicação à FUNAI caso ocorra trânsito ou permanência de índios na área.",FUNAIBSB39191978.pdf
FUNAI/BSB/3920/78,AJAX CIA NACIONAL DE SEGUROS,28/08/1978,Sede/BSB,Sim,Roberto Muniz Rondon; Adolpho Bertoche Filho,71,08/11/1978,Ismarth Araújo de Oliveira,Presidente da FUNAI,Militar,RJ,PA,Altamira,1.394.066,"Latitude: 03°13'00"" a 03°13'40""S; Longitude: 52°14'27"" a 52°13'47""W. Memorial descritivo com 70 marcos: JR-01 a JR-45, JR-67 a JR-71, R-01 a R-09, R-11",Sim,3,Sim,Walter Ferreiro Mendes; José Alfredo Melo,DGPI; DEP; Divisão de Registro Patrimonial,Divisão de Registro Patrimonial - DGPL; Departamento de Estudos e Pesquisas - DEP; Divisão de Estudos e Pesquisas; DGPC,,,,"Imóvel rural denominado 'Sítio das Laranjeiras', na Gleba Altamira. Adquirido por escritura pública nº 0253/77, livro 18, fls. 9/10v, registrado sob transcrição nº 0510. Área cadastrada no INCRA sob nº 044.016.001/76. Processo tramitou pela Divisão de Registro Patrimonial, Departamento de Estudos e Pesquisas e DGPC antes da emissão da Certidão Negativa. Taxa de serviço paga através da Nota de Caixa nº 261 no valor de Cr$ 1.092,00. Procuração anexada em 06/02/1979 para Maria Madalena Alves Farias receber a certidão. Certidão entregue com ressalva de que a FUNAI não se responsabiliza por títulos de propriedade nem pela real localização da área pelo memorial descritivo.",FUNAIBSB39201978.pdf
FUNAI/BSB/4411/78,Lauro Pletsch,15/08/1978,Sede/BSB,Sim,Lauro Pletsch,2,01/02/1980,João Carlos Nobre da Veiga,Presidente da FUNAI,Militar,RS,MT,Barra do Garças,22.811.964,"Marco MG.01: X=403.618,814 Y=8.434.242,147; Marco MG.02: Lat 14°07'02,933""S Long 51°46'15,536""W (X=416.780,980 Y=8.439.138,890); Marco MG.03: X=424.662,332 Y=8.442.073,212",Sim,3,Sim,João Carlos Nobre da Veiga,DGPI,DGPI; DRP; DGPC; PJ - Procuradoria Jurídica; Eng° Reinaldo Florindo; Eng° José Jaime Mancim; Heráclito Cunha Ortiga; Ismael da Silva Leitão,Xavante,Reserva Indígena Areões; Posto Indígena Areões (T.I. Areões),Xavante,"Processo complexo envolvendo área de 4.996 ha, da qual 2.715 ha ficaram dentro da Reserva Indígena Areões (criada pelo Decreto 75.426/75) e 2.281,1964 ha ficaram fora. Certidão Negativa expedida apenas para a área livre (2.281 ha). Requerente posteriormente solicita aplicação da EM-062/80 para indenização da parte encravada na reserva. Houve aviventação do limite Norte da Reserva pela firma PLANTEL - Agrimensura e Agronomia Ltda. Comunidade Xavante manifestou descontentamento com os limites estabelecidos pelo Decreto. Área originalmente adquirida do Estado de Mato Grosso em 1960, denominada Diauarum.",FUNAIBSB44111978_parte3.pdf
FUNAI/BSB/4411/78,Lauro Pletsch,,BSB,Sim,Lauro Pletsch e Dy Gemma Pletsch,,10/02/1980,Reinaldo Florindo,Engenheiro Agrimensor,Civil,MT,MT,Água Boa,4996.0,Parte incidente na R.I. Areões: 2.715 ha; parte fora: 2.291 ha,Sim,1,Não,,DPI; DAF; DID; DEF,ADR Barra do Garças; ADR Nova Xavantina; DGPI; Plantel,Xavante,Terra Indígena Areões (T.I. Areões),Xavante,"Processo trata de solicitação de renúncia de domínio sobre parte de imóvel incidente na T.I. Areões. Certidão negativa foi concedida em 1980 sobre porção não incidente (2.291 ha de 4.996 ha totais). Requerente pleiteou aplicação da E.M. 062/80 para indenização ou compensação via INCRA. Pedido negado em 1983 (Carta 629/PRES/DGPI de 31/01/1983). Em 1994-1995 novo requerimento através de procurador Édene Magalhães de Camargo. DID/DAF informou que T.I. Areões seria objeto de novo estudo delimitatório em 1996 via PRODEAGRO, devido a questionamentos sobre limites. Processo arquivado em junho/2000 por não pronunciamento do interessado.",FUNAIBSB44111978_parte4.pdf
FUNAI/BSB/4431/78,WALMIR DA SILVA FERRO,28/09/1978,Sede/BSB,Sim,WALMIR DA SILVA FERRO,084-A,18/12/1978,Ismarth Araújo de Oliveira,Presidente da FUNAI,Militar,MT,MT,Chapada dos Guimarães,4008,"Latitude: 15°05'30""S a 15°09'20""S; Longitude: 54°35'00""W a 54°42'25""W",Sim,3,Sim,Ismarth de Araújo Oliveira,DGPI,DGPI; DGPC; DRP - Divisão de Registro Patrimonial; DEP - Divisão de Estudos e Pesquisas; Antropólogo Claudio dos Santos Romero,,,,"Fazenda Lagoa Comprida com área de 8.878 hectares e 5.578 m², mas a certidão refere-se a uma parte de 4.008 hectares. Propriedade adquirida por compra mediante escritura pública de 12/08/1976. Requerente comprometeu-se a comunicar à FUNAI a ocorrência de trânsito ou permanência de índios na área. Memorial descritivo assinado pelo engenheiro agrimensor Walderson Marçal Coelho (Crea 52/D). Registro INCRA nº 901.032.312.894. Certidão emitida pelo DGPI.",FUNAIBSB44311978.pdf
FII 439/70,AGROPECUÁRIA UIRAPURU S/A,25/03/1970,Sede/Rio de Janeiro,Sim,AUGUSTO LICO FILHO,,12/06/1970,Oscar Jerônimo Bandeira de Mello,Presidente da FUNAI,Militar,PA,MT,Barra do Garças,,Longitude: 51°04'W a 51°08'W; Latitude: 14°05'S a 14°11'S,Sim,1,Sim,ROMILDO CARVALHO,DEPARTAMENTO DO PATRIMÔNIO INDÍGENA,5ª DR-FUNAI/Cuiabá; Setor de Terras da 5ª Delegacia Regional; Ramis Bucair,,,,"Certidão emitida para fins de documentação exigida pela SUDAM. Condições: a) comunicar à FUNAI presença de índios na área; b) comprometer-se a aceitar interdição da área se registrar-se conflitos com silvícolas. Empresa com sede em Belém-PA, Rua XV de Novembro, 226 10º andar s/1004. Representante autorizado: Dr. Miguel Arakem de Almeida (carteira de identidade nº 286307).",FUNAIBSB4891970.pdf
FUNAI/BSB/579/74,Rômulo Veronezi,06/03/1974,Londrina - Paraná,Sim,Rômulo Veronezi,20,08/03/1974,Oscar Jerônimo Bandeira de Mello,Presidente da FUNAI,Militar,PR,MT,Barra do Garças,20287,11°00'00'' a 11°10'00''S e 51°20'00'' a 51°28'00''W Gr.,Sim,2,Sim,Clodomir Fortes Flores,DGPI,Seção de Terras; Assistente Jurídica; DGPC - Departamento de Planejamento Comunitário; Alceu Cotia Mari (Antropólogo),,,,"Processo refere-se a três propriedades distintas (Estância Tejos, Fridolino e Flórida) totalizando 7.158 ha + 3.141 ha + 9.988 ha = 20.287 ha, todas no município de Barra do Garças-MT, adquiridas por Rômulo Veronezi. Certidão solicitada para financiamento de projeto agropecuário do PROTERRA junto ao Banco do Brasil. Antropólogo Alceu Cotia Mari atestou não haver grupo indígena habitante nem local de perambulação na área. Processo arquivado em 12/03/1974.",FUNAIBSB5791974.pdf
362/70/33/FTI,Texas Ranch Desenvolvimento Territorial e Agrícola S/A,18/03/1970,Sede/Rio de Janeiro,Sim,Antonio La Saigne D'Aboim Inglês,9,20/03/1970,José Maria da Gama Malcher,Diretor do D.P.I.,Militar,GB,MT,Chapada dos Guimarães,,Entre paralelos 13°11' e 13°18' Sul; meridianos 54°24' e 54°33' W.Gr.,Sim,1,Sim,João Barreto de Souza,DPI,João Barreto de Souza,,,,"A certidão informa que na área mencionada, situada na confluência do Rio Ronuro com o Ribeirão Capitão Jaguaribe, no Distrito de Ronuro, não consta a existência de aldeamento indígena. Processo contém procuração e certidões de registro de loteamentos rurais denominados 'Gleba Euclides Barreto Rocha', 'Gleba Leonardo Nascimento Coelho', 'Gleba Sebastião Leite de França', 'Gleba Alfredo Araújo Abreu', 'Gleba Maurício de Lima Padilha', 'Ranchos Texas de Ronuro - Gleba Ereclides Marques Menezes', 'Ranchos Texas de Ronuro - Gleba Jeronino Sebastião Martins', 'Ranchos Texas de Ronuro - Gleba Florencio Domingos Marinho', 'Ranchos Texas de Ronuro - Gleba Ottacilio Ozório Braga', 'Ranchos Texas de Ronuro - Gleba Cirilo Rodrigues Costa'. Certidões registradas no Cartório do Segundo Ofício de Cuiabá.",FUNAIGB3621970.pdf
,TANGARÁ S.A. AGROPASTORIL,19/03/1970,Sede/Brasília,Sim,,,28/04/1970,José Queirós de Campos,Presidente da FUNAI,Militar,SP,MT,Barra do Garças,10730,Gleba Corixo: MP-I a 11.225m rumo 90°00'E; Gleba Santa Sônia: múltiplos vértices descritos em memorial,Sim,1,Sim,ROMILDO CARVALHO,DEPARTAMENTO JURÍDICO,Raimundo Nonato S. Holanda (Advogado 5ª DR); DEPARTAMENTO DO PATRIMÔNIO INDÍGENA,,,,"Processo refere-se a duas glebas: Gleba Corixo com 6.930 hectares e Gleba Santa Sônia com 3.800 hectares, totalizando 10.730 hectares. Área localizada no Município de Barra do Garças, Estado de Mato Grosso. A certidão foi emitida para apresentação à SUDAM (Superintendência do Desenvolvimento da Amazônia) para projeto de exploração agropecuária. Condições impostas: a) comunicar à FUNAI a presença de índios nas referidas áreas; b) comprometer-se a aceitar a interdição das mesmas áreas, se nelas registrarem-se conflitos com os silvícolas. Memorial descritivo detalhado das duas glebas anexado. Delegacia Regional de Cuiabá envolvida na verificação cadastral.",FUNAIGB3891970.pdf
423/70/REPR/FNI,Agropecuária do Cravari S/A,02/04/1970,Seção de Comunicações - Rio de Janeiro,Sim,,,29/06/1970,Oscar Jerônimo Bandeira de Mello,Presidente da FUNAI,Militar,MT,MT,Diamantino,136730,Meridianos 58°00' a 58°20' - Paralelos 12°05' a 12°35'; situada entre os Rios Cravari e Ten. Noronha,Sim,14,Sim,Elieth Calmon Cerisara,DPI,5ª Delegacia Regional/Cuiabá; Ramis Bucair (Setor de Terras); Departamento do Patrimônio Indígena; João Batista Cavalcanti de Mello (Assessor Técnico do DPI); Ajudância de São Paulo,,,,"Processo iniciado com requerimento para certidão negativa junto à SUDAM. Empresa apresentou memorial descritivo e 14 plantas de lotes que compõem a terra, totalizando 136.730 ha. Foi realizado estudo minucioso pelo Setor de Terras consultando mapa cadastral do Município de Diamantino e mapa de localização de Reservas, Postos e Aldeias Indígenas. Certidão emitida com condições: a) comunicar presença de índios na área; b) aceitar interdição da área se houver conflitos com silvícolas. Original e cópia entregues à SEITEC - Planejamentos Agro-Industriais (Av. Paulista, 726, 6º andar, São Paulo), firma responsável pelo projeto.",FUNAIREPR42370.pdf
FNI/RIO/490/70,AGROPECUÁRIA BELA VISTA S/A,20/04/1970,Sede/Rio de Janeiro,Sim,FRANCISCO GARCIA FILHO,,12/08/1970,Oscar Jerônimo Bandeira de Mello,Presidente da FUNAI,Militar,PA,MT,Barra do Garças,361.258.977,Longitude 51°22'W a 51°30'W; Latitude 13°10'S a 13°23'S,Sim,3,Sim,OSCAR JERÔNIMO BANDEIRA DE MELLO,DGPI,5ª Delegacia Regional - Cuiabá/MT; Setor de Terras; Ramis Bucair; Elieth Calmon Cerisara,Xavante,,Xavante,"Processo inicialmente negado em maio/1970 por localização em área Xavante. Após revisão e complementação de documentação, confirmou-se que a área está localizada na margem direita do Rio Curuá, fora da Reserva Indígena dos Índios Xavante (margem esquerda). Compreende quatro lotes: Santa Bárbara (9.911ha), Estância Santa Maria (8.645ha), Lago Azul (9.225ha) e Santa Cruz (8.345ha). Escritura de compra e venda registrada em 20/03/1969 no 19º Tabelião de São Paulo. Certidão emitida condicionada à comunicação imediata à FUNAI caso seja observada presença indígena futura.",FUNAIRIO4901970.pdf
FI/RIO/491/70,AGRO PECUÁRIA DO ARRAIAS S.A.,06/01/1970,5ª DR/Cuiabá,Sim,EMILIO GOTTARDI NETO,,03/06/1970,Oscar Jerônimo Bandeira de Mello,Presidente da FUNAI,Militar,MT,MT,Chapada dos Guimarães,,"Meridianos: 54°48'25""W e 54°46'25""W; Paralelos: 12°15'00""S e 12°18'12""S",Sim,1,Sim,ROMILDO CARVALHO,DGPI,5ª Delegacia Regional da FUNAI; Setor de Terras; DEPARTAMENTO DO PATRIMÔNIO INDÍGENA; Ramis Bucair - Setor de Terras; Elizeth C. Cerveira - Ass Adm.,,,,Área localizada à margem esquerda do Rio Arraias. Documento destinado à SUDAM. Certidão com condições: a) comunicar à FUNAI presença de índios na área; b) comprometer-se a aceitar a interdição da mesma área se registrar-se conflitos com os silvícolas. Protocolo: FF/RGF/491/70 de 20/04/70. Processo arquivado em 09/07/1970.,FUNAIRIO4911970.pdf
1/RIO/432/70,CANA BRAVA AGRO-PECUÁRIA S.A.,19/01/1970,RIO/Sede,Sim,MARCELO TEODORO PÁDUA,,03/06/1970,Oscar Jerônimo Bandeira de Mello,Presidente da FUNAI,Militar,PA,GO,Peixe,,"Entre meridianos 48°42'00"" e 48°36'30""; paralelos 12°09'00"" e 12°13'00""",Sim,1,Sim,ROMILDO CARVALHO,DGPI/DPI,"Representação da FUNAI em Goiânia; Israel Praxedes Batista, Assistente de Administração A",,,,"Certidão condicionada a: a) comunicar à FUNAI a presença de índios na região; b) comprometer-se a aceitar a interdição da área, se nela registrar-se conflitos com os silvícolas. Empresa sediada em Belém, rua XV de novembro, 226 - 10º andar - sala 1004. Autorização para Dr. Miguel Araken de Almeida (ID 286307) representar a empresa. Documento destinado à SUDAM.",FUNAIRIO4921970.pdf
FUNAI/BSB/3833/80,Agropecuária Rio Mudriré S/A,21/11/1980,Sede/BSB,Sim,José Aurélio Oliveira,042/81,04/11/1981,Paulo Moreira Leal,Presidente da FUNAI,Civil,SP,PA,São Félix do Xingu,8712.0,"6 vértices; 01) 08°20'10""S x 51°22'41""W; 02) 08°20'10""S x 51°19'05""W; 03) 08°20'10""S x 51°15'29""W; 04) 08°23'44""S x 51°15'29""W; 05) 08°23'44""S x 51°19'05""W; 06) 08°23'44""S x 51°22'41""W",Sim,2,Sim,Paulo Moreira Leal,DGPI,DDF (Divisão de Demarcação Fundiária); DID (Divisão de Identificação e Delimitação); DF (Divisão Fundiária); DGO (Departamento Geral de Operações); 2ª DR Belém; Ajudância de Altamira,Kayapó; Gorotire; Kuben-Kran-Kein; Kuben-Krognotiré; Men-Krang-no-ti; Menkuktire; Kokraimoro; Pukatoti,,Kayapó,"Processo envolveu várias análises técnicas sobre distância da área em relação à Reserva Indígena Kayapó. Houve discrepância inicial nas informações: inf. 162/DDF indicava 8 km de distância, corrigida posteriormente para 12,7 km na inf. 64/DDF (a diferença se devia a proposta de acréscimo não confirmada). Empresa possui dois lotes (318 e 319) com 4.356 ha cada. Base cartográfica 1:250.000 RADAMBRASIL SC-22-Y-B. Responsável técnico: Eng° Agrônomo José Aurélio Oliveira, CREA 31.817-SP. Sede da empresa: Rua XV de novembro 226, 14º andar, Campinas-SP. CGC 46.991.311/0001-60.",FUNSIBSB38331980_parte2.pdf
FUNAI/BSB/28.870.0009/86,AGROPECUÁRIA LAGO NOVO S/A,31/01/1986,2ªDR/Belém,Sim,José Alcindo Furtado Abdon,13,15/04/1986,José Apoena Soares de Meirelles,Presidente da FUNAI,Civil,AP,AP,Macapá,48.821.322,"31 vértices; N=15: 0°05'36""N 51°24'17""W; S=21: 0°00'39""S 51°24'27""W; L=17: 0°03'48""N 51°23'11""W; W=29: 0°02'02""N 51°28'37""W",Sim,2,Sim,José Apoena Soares de Meirelles,DPI,2ªDR/Belém - Antropóloga; DIDD - Divisão de Identificação e Delimitação; DSG/SPA - Divisão de Serviços Gerais; DAE - Divisão Administrativa; SAF - Superintendência Administrativa e Financeira,Waiãpi,,Xavante,"Requerente é pecuarista residente em Macapá. Área localizada em Lago Novo. Informação antropológica da 2DR indica que na região litorânea do Amapá não se registra mais presença de grupos indígenas desde o século XVII. Certidão menciona área indígena Waiãpi no croqui demonstrativo. Engenheiro responsável: Jorge Mauro Barja Arteiro, CREA 22.012/D - 5ª Região. Taxa recolhida: Cr$ 555.796,00. Carta nº 044/PRES/DPI e Telex nº 0088/DPI encaminhados à SUDAM e ao interessado.",[DC00014A0119968SOS].pdf
FUNAI/BSB/28870.00634/86,FAZENDA JACITARA S/A,28/02/1986,Sede/BSB,Sim,Alberto Gomes Salame; Aldenor Gomes Salame,20,24/06/1986,Romero Jucá Filho,Presidente da FUNAI,Civil,PA,PA,Moju,5487.44,"N=01: 02°08'31""S e 48°49'51""W; S=03: 02°12'59""S e 48°53'41""W; L=02: 02°12'04""S e 48°49'16""W; W=04: 02°09'28""S e 48°54'14""W",Sim,2,Sim,Daniêl Marques de Sousa,DPI; DIDD; SAF,DIDD - Mariano Belmino Maia (Desenhista); 2ª DR - Carmen Sylvia Soares Afonso (Antropóloga); Reinaldo Vitorindo (Chefe DIDD-DPI); José Calixto da Silva (Diretor DF); Daniêl Marques de Sousa (Superintendente SAF),Anambé,,Anambé,"Processo instruído com procuração outorgada a Eliane Carvalho Lima (Engenheira Civil, CREA 4374/D-DF). A área encontra-se a aproximadamente 79 km da Área Indígena Anambé. Informação cartográfica elaborada pela DIDD indica que não há presença indígena na área. A 2ª DR informou que os Anambé desaldeados vivem dispersos na região das cabeceiras dos rios Moju e Caireri, distante da Fazenda Jacitara. Houve solicitação de mudança de endereço para correspondências (Av. Universitária, 651 - Goiânia/GO). Certidão expedida com ressalva de comunicação em caso de trânsito ou perambulação de índios.",[DC00014A0119969SOS].pdf
FUNAI/BSB/28870.00635/86,Agropecuária 3 Poderes Ltda,07/03/1986,Sede/BSB,Sim,Wilson Lisboa Alencar,22,21/07/1986,Romero Jucá Filho,Presidente da FUNAI,Civil,PA,PA,São Felix do Xingu,8700.0,"N=01°51'44""29W e 08°43'09""S; S=03°51'39""20W e 08°48'13""S; L=02°51'38""36W e 08°44'13""S; W=04°51'45""11W e 08°47'17""S",Sim,2,Sim,Daniel Marques de Sousa,DIF/SUAF,DIDD-DPI; Carmen Sylvia Soares Affonso (Antropóloga/2ªDR); Doralício Dornelas da Costa (Técnico em Agrimensura/DPI); Ozires Ribeiro Soares (Técnico em Agricultura e Pecuária/DPI); Edmilson Martins da Silva (Engenheiro Agrônomo/ITERPA); Geder Andrade Carvalho (Técnico GETAT); Reinaldo Florindo (Chefe da DIDD-DPI); José Calixto da Silva (Divisão Fundiária-DPI),Kayapó,Área Indígena Kayapó (T.I. Kayapó),Kayapó,"O processo envolveu análise de reivindicação territorial dos índios Kayapó relativa a terras não incluídas no Decreto n° 91.244 de 09.05.85. Foi constituído Grupo de Trabalho através da Portaria n° 2010/E de 19.02.86 para estudar a reivindicação. A área da Gleba Altamira VI-Projeto Integrado Trairão foi considerada fora do território reivindicado pelos índios, distando aproximadamente 6,2 km da Área Indígena Kayapó. Procuradora: Eliane Carvalho Lima, Eng. Civil CREA 4374/D-DF. Pagamento de taxa efetuado através de GR 00058-0 de 24.03.86 no valor de Cz$ 555,79. Certidão enviada via correios em 22/07/1986.",[DC00014A0119970SOS].pdf
FUNAI/BSB/0659/86,MARIA FÁTIMA LOPES DE CARVALHO e HELENA PAULA LOPES DE CARVALHO,20/08/1986,2ª SUER/Cuiabá,Sim,MÁRCIO DA ROSA SILVA,44,04/11/1986,Romero Jucá Filho,Presidente da FUNAI,Civil,SP,MT,Alta Floresta,4953.5,"9 vértices; P1: 10°08'18,5""S 58°16'35,4""W; P2: 10°08'52,0""S 58°12'29,1""W; extremos N=10°08'18""S 58°16'35""W; S=10°12'23""S 58°12'25""W; L=10°08'52""S 58°12'29""W; W=10°10'23""S 58°18'57""W",Sim,2,Sim,Romero Jucá Filho,SUAF/DIF,DDF; 2ª SUER/Cuiabá; DIF/SUAF; José Callado da Silva (Chefe Divisão Fundiária); Daniel Marques de Sousa (Superintendente SUAF); SUDAM,RIKAKTSA-JAPUIRA,,Rikbaktsa,"Gleba MATRINCHÃ. Requerente representado por procurador Márcio da Rosa Silva. Coordenadas fornecidas pelo Eng° Jorge Mauro Barja Arteiro (CREA 22.012/D-5ª Reg). Processo encaminhado por telex à SUDAM. Duas glebas: 'Mata da Chuva' e 'Mina de Ouro', cada uma com 2.476,75 ha. Processo arquivado em dezembro/1986.",[DC00014A0119971SOS].pdf
FUNAI/BSB/28870.00695/86,BRASIMAC S/A ELETRO DOMÉSTICOS E OUTROS,14/03/1986,Sede/BSB,Sim,Eliane Carvalho Lima,19,24/06/1986,Romero Jucá Filho,Presidente da FUNAI,Civil,SP,MT,Paranatinga,363.585.588,"N: 02°13'19""S 53°39'23""W; S: 04°13'30""S 53°40'31""W; L: 03°13'19""S 53°34'00""W; W: 06°13'28'20""S 53°51'11""W",Sim,2,Sim,Daniel Marques de Sousa,DPI,DIDD; SAF; José Calixto da Silva - Diretor da DPI; Reinaldo Machado Orlando - Chefe da DIDD-DPI; Daniel Marques de Sousa - Superintendente de Assuntos Fundiários,,Área Indígena Marechal Rondon (T.I. Marechal Rondon); Área Indígena Parabubure (T.I. Parabubure),Xavante,"Gleba denominada TUPÃ SERETÃ. Técnico responsável pelas coordenadas: Eliane Carvalho Lima, Engenheira Civil CREA 43741/D-DF. Base cartográfica: WAC-3139, escala 1:1.000.000. Processo inclui procuração, guias de recolhimento (contribuição sindical e anuidade CREA), taxa de certidão negativa. Telex enviado à SUDAM. Documentação assinada em Goiânia. Solicitação de mudança de endereço em 20/06/1986.",[DC00014A0119972SOS].pdf