Carimbo de data/hora,Nome do Jornal ou Revista,Estado da federação da publicação,Título do texto,Data da publicação,Nome do autor do texto,Povo ou terra indígena mencionado,"Nomes de empresas, fazendas ou indivíduos mencionados",Entrevista algum indígena?,Qual o nome do indígena entrevistado?,Há não-indígena entrevistado?,Nome do não-indígena entrevistado,Cargo ou profissão do não-indígena entrevistado,"Se houver, evento mencionado (violência, crimes, etc)",Link da notícia
28/04/2023 12:37:49,Porantim Ano XXXI No. 317,DF,Justiça determina desintrusão de terra indígena Awá-Guajá - Breve histórico do processo de demarcação de terra;,01/08/2009,Rosana Diniz,Awá-Guajá,,Não,,Não,,,FUNAI emitiu certidão negativa que incide sobre território Awá-Guajá ,https://www.docvirt.com/docreader.net/HemeroIndio/1760
20/04/2023 11:00:18,Povos Indígenas no Brasil,SP,A situação das terras,01/01/2000,DOU,TI Sepoti; Tenharim; ,Valdenor C. da Costa,Não,,Não,,,"""o cartório já havia emitido certidão negativa, caracterizando a existência de ocupantes não-índios""; NÃO ENTENDI",https://www.docvirt.com/docreader.net/HemeroIndio/17451
03/05/2023 12:30:09,Brasil Norte,RR,Fazendeiros contestam delimitação de Muriru,11/05/1999,Não consta,Muriru; Wapixana; ,Rui Brunido; José Diniz; Manoel da Rocha; Zulei Ferreira; Antônio Anildo; Fazenda Itamarati I; ,Não,,Sim,Rui Brunido,Fazendeiro,Brunido apresenta certidão negativa de 1986 contra demarcação de terra;,https://www.docvirt.com/docreader.net/HemeroIndioRecortes/26724
25/04/2023 12:05:15,O Mensageiro n.115,,Povos indígenas no Brasil - Paraíba - Potyguara;,01/04/1999,Não consta,Potyguara;,,Não,,Não,,,Emissão de certidão negativa para usinas de álcool;,https://www.docvirt.com/docreader.net/HemeroIndio/11683
20/04/2023 11:07:58,Povos Indígenas no Brasil,SP,ONGs denunciam acordo irregular,21/11/1997,Não consta,Bororo; TI Tereza Cristina;,Diretor Regional da FUNAI Idevar Sardinha; Fazendeiro João Rodrigues Jimenez; Procurador da República Roberto Cavalcanti; Missão salesiana; ,Não,,Não,,,Denúncia de benfeitorias em troca de certidão negativa;,https://www.docvirt.com/docreader.net/HemeroIndio/17679
19/04/2023 14:27:36,Povos Indígenas no Brasil,SP,Comissão divulga relatório final,16/12/1994,Jornal O Liberal,Tembé; Área Indígena Alto Rio Guamá;,Gal. Bandeira de Mello; Rosa Madeireira; Serraria Marajoara; Cia. Agropecuária do Pará; Gleba Cidapar; Mejer Industrial LTDA;  Deputado Neuton Miranda (PCdoB); Edimilson Rodrigues (PT); Luís Cunha (PDT); José Francisco (PMDB); Teodoro Nagano (PPR);,Não,,Não,,,"Relatório Tembé Tenetehara - A nação resiste; A uma série de apontamentos a respeito de invasões da área Tembé; Tudo começa com certidão negativa de 1970, assinada por Bandeira de Mello; ",https://www.docvirt.com/docreader.net/HemeroIndio/16542
19/04/2023 15:53:34,Povos Indígenas no Brasil,SP,Os direitos dos Erikbaktsa: interesses impedem demarcação da área indígena do Escondido,01/12/1994,Rinaldo S. V. Arruda,Erikbaktsa; Área do Escondido; Apiaká;,Missão Anchieta; Codemat; ,Não,,Não,,,"O texto delata transferência compulsória dos Erikbaktsa (pela FUNAI e Missão Anchieta) e anos depois, emissão de certidão negativa relativa à área que era ocupada pelos indígenas;",https://www.docvirt.com/docreader.net/HemeroIndio/16682
19/04/2023 16:08:50,Aconteceu especial,SP,Os direitos dos Erikbaksta: interesses impedem demarcação da área indígena do Escondido,01/12/1994,Rinaldo S. V. Arruda,Erikbaktsa; Apiaká;,"Cotriguaçu Colonizadora do Aripuanã LTDA; Juruena Empreendimentos de Colonização Ltda; Construtora Andrade Gutierrez S/A; Indeco Integração, Desenvolvimento e Colonização S/A;",Não,,Não,,,"Mesmo com certidão negativa indeferida, a empresa invadiu área indígena",https://www.docvirt.com/docreader.net/HemeroIndio/16683
19/04/2023 14:09:58,Povos Indígenas no Brasil ,SP,Mineradora pede certidão negativa à FUNAI,01/08/1994,Porfírio Carvalho,Waimiri-Atroari; ,Mineração Taboca; Projeto Pitinga; Paranapanema;,Não,,Não,,,A requisição da certidão negativa parece incidir sobre área a qual já fora ocupada por indígenas,https://www.docvirt.com/docreader.net/HemeroIndio/16351
19/04/2023 10:35:17,Aconteceu especial no. 18,SP,"Dez ano depois, a reação",01/01/1990,Não consta,Waiãpi,"Garimpo Monte Negro, ou Garimpo do João Munguba; Mineração Tuucumaque; João Batista de Oliveira Costa;",Não,,Não,,,Indício de que a FUNAI emitiu certidão negativa para o garimpo (processo FUNAI/BSB/3060/80),https://www.docvirt.com/docreader.net/HemeroIndio/15711
19/04/2023 13:50:30,Aconteceu especial no. 18,SP,Território Bororo: um histórico do processo de expropriação,01/01/1990,Sylvia Cayubi Novaes; Paulo Serpa;,Bororo,Fazenda Santa Maria; ,Não,,Não,,,"Em 1969, a demarcação da terra Bororo exclui determinada área. Em 1975, a FUNAI emite certidão negativa, relativa à área excluída em 69. Mais adiante, a certidão negativa é anulada;",https://www.docvirt.com/docreader.net/HemeroIndio/15996
19/04/2023 14:00:27,Aconteceu especial no. 18,SP,Portaria da Funai cancela certidão negativa,21/01/1989,Diário Oficial da União,Bororo; Colônia Teresa Cristina;,Presidente da FUNAI Íris Pedro de Oliveira; José Roberto Figueiredo Ferraz;,Não,,Não,,,"Cancelamento da certidão negativa no. 095/75, de 28/12/1975;",https://www.docvirt.com/docreader.net/HemeroIndio/15997
03/05/2023 11:52:05,Tribuna de Roraima,RR,FUNAI prejudica oito projetos em Roraima,15/04/1988,Não consta,,Grupo Kimak; Daniel Marques de Souza;,Não,,Não,,,FUNAI cancela certidões negativas;,https://www.docvirt.com/docreader.net/HemeroIndioRecortes/15944
02/06/2023 17:10:26,Amazonas em Tempo,AM,Certidões negativas,15/04/1988,,"Tikuna (""Ticunas"")",Sebastião Amâncio; Roberto Alexandre; Oscar Castelo Branco; Sônia de ALmeida Demarquet,Não,,Não,,,Funai muda sua postura em relação às certidões negativas e para de emiti-las;,https://www.docvirt.com/docreader.net/HemeroIndioRecortes/8993
03/05/2023 11:38:26,A Crítica ,AM,Funai anula certidão à venda de terras indígenas;,10/04/1988,Não consta,,,Não,,Sim,Daniel Marques de Souza,Superintendente de Assuntos Fundiários da FUNAI,"FUNAI está anulando as certidões negativas via portarias publicadas no Diário Oficial (vale procurar essas portarias); FUNAI não sabe quantas certidões foram expedidas, nem para quem; FUNAI não sabe se as portarias anulando as certidões tem efeito;",https://www.docvirt.com/docreader.net/HemeroIndioRecortes/15912
03/05/2023 11:41:11,A Crítica,AM,Proprietários são obrigados a sair;,10/04/1988,Não consta,,Valter Moreira; Oscar Gomes dos Santos; Agropecuária Itapicuru;,Não,,Sim,Daniel Marques de Souza,Superintendente de Assuntos Fundiários da FUNAI,FUNAI anula certidões negativas;,https://www.docvirt.com/docreader.net/HemeroIndioRecortes/15912
02/06/2023 17:00:08,A Crítica,AM,Proprietários são obrigados a sair,10/04/1988,,,,,,Sim,Daniel Marques SOuza,Superintendente FUNAI,"Funai cancela certidões negativas, mas não sabe da efetividade da ação. Cita publicação do DOU 30 de março de 1988;",https://www.docvirt.com/docreader.net/HemeroIndioRecortes/8934
02/06/2023 16:50:31,A Notícia,,Funai quer corrigir erros,09/04/1988,,,,Não,,Sim,Daniel Marques de Souza,Superintendente de Assuntos Fundiários da Funai,"IMPORTANTE - A notícia fala da Funai cancelando certidões negativas, mas não sabe se os cancelamentos têm efeitos! Publicações no Diário Oficial: 30 de março de 1988; Valter Moreira; Oscavo Gomes dos Santos; Agropecuária Itaipicuru;",https://www.docvirt.com/docreader.net/HemeroIndioRecortes/8928
02/06/2023 16:57:18,Am em Tempo,AM,FUNAI quer corrigir erros do passado,09/04/1988,,,,Não,,Não,Daniel Marques de Souza,Superintendente Funai,"Funai cancela certidões negativas, mas não tem controle sobre a efetividade da ação.",https://www.docvirt.com/docreader.net/HemeroIndioRecortes/8930
02/05/2023 11:11:50,Terra Indígena Ano VI No. 51,SP,Terras indígenas e os posseiros,01/12/1987,Não consta,Pacaa Nova; Karipuna; ,Projeto Buraqueiro; Adolpho Rohl ,Não,,Não,,,Indício de certidões negativas nas terras dos Pacaa Nova;,https://www.docvirt.com/docreader.net/HemeroIndio/53692
02/06/2023 16:29:44,A Crítica,AM,Obra de Balbina foi contestada pela SBPC,15/05/1987,,Waimiri-Atroari;,Balbina; SBPC; Schwade,Não,,Sim,Egidio Schwade,Membro do Cimi,"Schwade fala que Bandeira de Mello negou certidões negativas, em 1971, a agropecuárias como Yamame, Guernice e Santa Paula. Na mesma região em que iria atuar Balbina.",https://www.docvirt.com/docreader.net/HemeroIndioRecortes/6856
19/04/2023 13:56:49,Aconteceu especial no. 18,SP,II Assembleia Bororo reivindica terras invadidas,29/04/1987,Lideranças Bororo,Bororo; Aldeia Gomes Carneiro (PI General Gomes Carneiro); Merure; Rio Garças; Sangradouro; Tadarimana; Perigara; Reserva Teresa Cristina;,Licínio Arantes;,Não,,Não,,,"É um documento escrito pelos Bororo; ""Essa área foi reduzida porque a FUNAI forneceu certidão negativa"";",https://www.docvirt.com/docreader.net/HemeroIndio/15996
28/04/2023 12:22:23,Porantim Ano IX No. 97,AM,"Área Zoró é delimitada, mas continua invadida",01/04/1987,Não consta,Zoró; Cinta-Larga; ,Companhia João Lunardelli S/A;,Não,,Não,,,"FUNAI emitiu certidão no. 26, em 11 de março de 1975, para Lunardelli, mesmo depois de que interditava a área;",https://www.docvirt.com/docreader.net/HemeroIndio/4427
19/04/2023 10:55:02,Aconteceu especial no. 18,SP,Certidão negativa da FUNAI facilita invasão da AI Seruini/Marienê,01/01/1987,Não consta,Apurinã; AI Seruini/Marienê; AI Guajahã; ,Fazenda Fortaleza; Grupo Manasa - Madeireira Nacional S/A; Otávio Cavalcanti Lacombe; Francisco Hyczy da Costa; Indusval S/A CTVM; Indusval Participações S/A; Lupatelli; Meneghelo; ; Luis Antônio Filho de Castilho;,Não,,Não,,,"Em 1975, FUNAI cedeu certidão negativa à Manasa, apesar de estar localizada em terra indígena;",https://www.docvirt.com/docreader.net/HemeroIndio/15779
02/06/2023 16:15:35,A Crítica,AM,Nação Tukano já não desconfia da Funai,06/02/1986,,Tukano; Comunidade indígena de Pari-Cachoeira; ,Paranapanema; Goldamazon; DNPM; ,Sim,Álvaro Sampaio Tukano; Carlos Taukene; ,Sim,Sebastião Amâncio,Delegado da FUNAI,"A Paranapanema estaria ocupando ilegalmente área de Pari-Cachoeira, por não possuir certidão negativa; Ela atua na área apenas com concessão de pesquisa dada pelo DNPM;",https://www.docvirt.com/docreader.net/HemeroIndioRecortes/5744
02/06/2023 16:24:05,Jornal do Comércio,,Garimpeiro chegarão à vila até sexta-feira,04/02/1986,,Pari-Cachoeira; Tukano; ,Vila Bittencourt; Polícia Federal; Funai; Incra; Iteram; Mirad; Sebastião Amâncio da Costa; DNPM; Paranapanema; Coronel Luiz Guadalupe; ,Não,,Sim,Sebastião Amâncio da Costa,Delgado da Funai,A notícia é indício de confito entre Paranapanema e Tuaknos. A empresa não possui certidão negativa.,https://www.docvirt.com/docreader.net/HemeroIndioRecortes/5749
25/04/2023 11:19:30,Boletim do GTME ano IV no. 13,MT,A política indigenista brasileira na Nova República,01/12/1985,Não consta,Rikbaktsa; Escondido; Japutira; ,Cotriguaçu Colonizadora do Aripuanã S/A; Apoena Meirelles; ,Não,,Não,,,"Funai indefere certidão negativa, mas, ainda assim, Apoena Meirelles (presidente FUNAI) requisita à PF retirada dos índios de Japutira; Relata-se prisão e tortura de índios;",https://www.docvirt.com/docreader.net/HemeroIndio/54997
28/04/2023 11:54:26,Porantim Ano VIII No. 82,AM,Apoena Meirelles é o novo presidente da velha FUNAI,01/12/1985,Não consta,Enauenê-Nauê,Hamilton Figueiredo; ,Não,,Não,,,INDÍCIO IMPORTANTE - SUSPEITA DE CORRUPÇÃOHamilton Figueiredo é investigado por facilitar certidão negativa em reserva dos Enauenê-Nauê; (qual foi o fim desse caso???),https://www.docvirt.com/docreader.net/HemeroIndio/4159
28/04/2023 11:47:23,Porantim Ano VIII No. 80,AM,A política indigenista da Nova República - Rikbaktsa,01/10/1985,Não consta,Rikbaktsa; Escondido; Japuíra; Reserva Florestal Juruena;,Luiz Tavares; Cotriguaçu Colonizadora do Aripuanã S/A;,Não,,Não,,,"Luiz Tavares ocupou área em função de certidão negativa, mas graças ao decreto 51.027, os indígenas continuam ocupando as terras;",https://www.docvirt.com/docreader.net/HemeroIndio/4132
02/06/2023 15:58:43,A Notícia,,Nova República não define sua política indigenista,17/09/1985,,Diversos,Diversos,Não,,Não,,,Funai indefere certidão negativa a Cotriguaçu Colonizadora do Aripuanã S.A.;,https://www.docvirt.com/docreader.net/HemeroIndioRecortes/4749
18/04/2023 11:07:32,Aconteceu especial no. 17,SP,Juruna acusa Ferreira Lima,06/07/1985,Não consta,Xavante; Reserva de Sangradouro,Mário Juruna; Ministro do Interior Ronaldo Costa Couto; ex-presidente da FUNAI Otávio Costa Lima; antropóloga Cláudia Menezes;,Não,,Não,,,"Juruna acusa Otávio Ferreira de fornecer certidão negativa e, assim, iniciar conflitos na reigão;",https://www.docvirt.com/docreader.net/HemeroIndio/7458
13/04/2023 20:05:23,Aconteceu - Volume 8,SP,Situação atual das terras (Amanayé),01/01/1985,Não consta,Amanayé,Fazenda União,Não,,Não,,,Requerimento de Certidão Negativa pela Fazenda União. Processo 1518/79,https://www.docvirt.com/docreader.net/HemeroIndio/15437
15/04/2023 17:22:39,Aconteceu (ISA) - Volume 8,SP,Tembé-Turiwara,01/01/1985,Não consta,Tembé; Turiwara; Reserva Indígena do Alto Rio; Aldeia do Banaal do Acará-miri Guamá; Raimundo Barrá Turiwara;,Fazenda Mombaça,Não,,Não,,,Surto de sarampo em 1950; ,https://www.docvirt.com/docreader.net/HemeroIndio/15444
15/04/2023 17:33:34,Aconteceu (ISA) - volume 8,SP,Tembé,01/01/1985,Não consta,Tembé; Área indígena Alto Rio Guamá; ,Cia. Agropecuária do Pará (Subsidiária da Swift Armour); Gal. Bandeira de Mello,Não,,Não,,,"Certidão negativa emitida em 1970, que lesou os Tembé em 11.000ha",https://www.docvirt.com/docreader.net/HemeroIndio/15466
15/04/2023 17:41:20,Aconteceu (ISA) - Volume 8,SP,Tembé,01/01/1985,Não consta,Tembé; P.I. Pedro Dantas; A.I. do Alto Rio Guamá;,Cia. Agropecuária do Pará; Gal. Bandeira de Mello,Não,,Não,,,"Cia. Agropecuária do Pará obtém certidão negativa em 1970; (Processo FUNAI/GB/450/70 doc.03); O delegado da 2a. Regional se demite por causa disso; Bandeira de Mello envia ofício ao governador do Pará, propondo liberação da AI do Alto Rio Guamá (Ofício 157/DGPI/FUNAI/07.12.1970)",https://www.docvirt.com/docreader.net/HemeroIndio/15470
18/04/2023 10:50:20,Aconteceu especial no. 17 - 1985-1986,SP,Acordos ilegais,01/01/1985,Não consta,Wapixana; Truaru; Muriru;,Rui Augusto da Costa Rodrigues; Wapixana José Henrique de Oliveira; Antropóloga Guiomar de Melo;,Não,,Não,,,,https://www.docvirt.com/docreader.net/HemeroIndio/7210
18/04/2023 10:58:25,Aconteceu especial no. 17 1985-1986,SP,Delegado da FUNAI dá Certidão Negativa,01/01/1985,Não consta,,Mário Juruna; Amilton Jerônimo Figueiredo; Carlos Óbice;,Não,,Não,,,,https://www.docvirt.com/docreader.net/HemeroIndio/7425
02/05/2023 10:54:27,Terra Indígena - Boletim do G.E.I. Kurumim - Ano IV No. 40,SP,O Documento do CIMI - Balanço do ano de 1985 e exigências para uma nov política indigenista,01/01/1985,Não consta,Pirahã (sub-grupo dos Mura); ,Otávio Ferreira Lima,Não,,Não,,,"Certidão negativa incide sobre área dos Pirahã. Portaria 1650, de 14.06.84 estabeleceu GT para investigar, mas relatório não foi entregue;",https://www.docvirt.com/docreader.net/HemeroIndio/54118
18/04/2023 10:44:29,Aconteceu especial no. 15,SP,Criada comissão para o caso Salumã,30/09/1984,Não consta,Salumã,Pedro Schiqueti; INCRA; INTERMAT;,Não,,Não,,,,https://www.docvirt.com/docreader.net/HemeroIndio/7013
18/04/2023 10:36:57,Aconteceu especial no. 15,SP,Nambiquara,29/07/1984,Não consta,Nambiquara,Antônio Morimoto; Abraham Kasinski;,Não,,Não,,,STF garante demarcação Nambiquara e invalida certidão negativa;,https://www.docvirt.com/docreader.net/HemeroIndio/7010
18/04/2023 10:32:50,Aconteceu especial no. 15,SP,História de Jacutinga - Os Hahaintesu,01/01/1984,Sibene de Almeida,Nambiquara,,Não,,Não,,,"""Suas terras foram liberadas para incentivos da SUDAM aos industriais paulistas""",https://www.docvirt.com/docreader.net/HemeroIndio/7006
18/04/2023 10:16:08,Aconteceu especial no 12,SP,Aripunã ameaçam fazenda Chaparral,26/09/1983,Não consta,Aripunã,Fazenda Chaparral; Antônio Bertoldo; Índio Severino; Coordenador Djalma Dias de Santos;,Não,,Não,,,Ameaça de invasão a fazenda e confusão por conta de certidão negativa;,https://www.docvirt.com/docreader.net/HemeroIndio/6740
28/04/2023 11:36:27,Porantim Ano VI No. 52/53,AM,Deu nos jornais - Paresí exigem suas terras;,01/07/1983,"Folha de São Paulo, maio de 83",Paresí,Delegado da FUNAI em Cuiabá Cel. Darci Cunha; Governador Júlio Campos; Paralelo 14;,Sim,Daniel Matenho Cabixi,Não,,,INDÍCIO DE CONFLITO:Fazendeiros com certidão negativa abrem picadas em terras indígenas,https://www.docvirt.com/docreader.net/HemeroIndio/3755
18/04/2023 10:24:08,Aconteceu Especial no. 14,SP,Demarcação da reserva preocupa os Parecis,09/05/1983,Não consta,Pareci,Coronel Darcy Cunha; Governador Júlio Campos; ,Sim,Daniel Matenho Cabixi,Não,,,"Fazendeiros obtiveram certidão negativa e avançaram 18km dentro da reserva; Cel. Darcy Cunha, delegado da FUNAI em Cuiabá, apoia os fazendeiros;",https://www.docvirt.com/docreader.net/HemeroIndio/6755
02/06/2023 15:45:27,A Crítica,AM,Funai aguarda liberação de recursos,15/04/1983,Funai aguarda liberação de recursos,"Nambikwaras (""nabikharas"", no texto)",Seplan; Rodovia 364 - Cuiabá-Porto Velho; Polo Noroeste; Paulo Moreira Leal (presidente FUNAI); Banco Mundial; Hendrich Van Der Reijder (chefe do Banco Mundial no Brasil); Bird;,Não,,Sim,Paulo Moreira Leal,Presidente da Funai,"Nesta notícia, há indícios de que fazendas no Vale do Guaporé serão indenizadas",https://www.docvirt.com/docreader.net/HemeroIndioRecortes/4099
25/04/2023 11:59:02,Boletim Mensal - Grupo de Estudos Indígenas Kurumim no.10,SP,"Os Arara, um povo em fuga",01/03/1983,Não consta,Arara; ,Cooperativa Tritícola de Ijuí; Transamazônica;,Não,,Não,,,A cooperativa recebeu certidão negativa em 1974;,https://www.docvirt.com/docreader.net/HemeroIndio/55387
28/04/2023 11:05:26,Porantim Ano V No. 49,AM,"Os Arara, um povo em fuga",01/03/1983,Não consta,Arara; ,Cooperativa Tritícola de Ijuí; ,Não,,Não,,,INDÍCIO IMPORTANTE: A Cooperativa possui certidão negativa - conflito com os Arara,https://www.docvirt.com/docreader.net/HemeroIndio/3692
28/04/2023 10:53:16,Porantim Ano V No. 46,AM,Potiguara quer terra de volta,01/12/1982,Não consta,Potiguara,Coronel Paulo Leal; Companhia Rio Tinto (subsidiária da Riozina); Belarmino Pessoa Melo;,Sim,Cacique Severino Fernandes da Silva,Não,,,INDICIO RELEVANTE: O cacique denuncia que Pessoa de Melo recebeu certidão negativa e se instalou nas terras Potiguara;,https://www.docvirt.com/docreader.net/HemeroIndio/3667
18/04/2023 10:05:02,Aconteceu especial no. 12,SP,FUNAI acusada de forçar interdições de reservas,03/06/1982,Não consta,"Vale do Guaporé - provavelmente, Nambiquara",Deputado Antônio Morimoto - PDS-SP,Não,,Sim,Deputado Morimoto (PDS-SP),Deputado,"FUNAI assina portaria 1.125/3, para demarcar terras indígenas. Segundo o deputado, a portaria prejudicou fazendas, inclusive a dele",https://www.docvirt.com/docreader.net/HemeroIndio/6503
17/04/2023 10:54:35,Aconteceu especial no. 12,SP,FUNAI anula certidão negativa,16/04/1982,Não consta,Nambiquara,SORAMA - Comercial e importadora S/A,Não,,Não,,,Paulo Moreira Leal (Pres. FUNAI) anula certidão negativa concedida à SORAMA;,https://www.docvirt.com/docreader.net/HemeroIndio/6502
28/04/2023 10:41:29,Porantim Ano IV No. 38,AM,Obediência à lei,01/04/1982,Não consta,Waimiri; Atroari;,Paranapanema; CIMI; Prelazia de Itacoatiara; Coronel Paulo Leal;,Não,,Não,,,CIMI alega que Paranapanema não possui certidões negativas e por isso deve se retirar a área;,https://www.docvirt.com/docreader.net/HemeroIndio/3549
02/06/2023 15:29:14,O Estado de São Paulo,SP,Mineradora abre estrada na reserva,13/03/1982,,"Waimiri-Atroari (""vaimiri-atroari"");",Paranapanema ; Rodovia Manaus-Caracaraí; Bispo Jorge Marskell; Cimi; ,Não,,Não,,,"O bispo e o Cimi alegam que a Paranapanema não possui certidões negativas para atuar na área; Além disso, protestam contra decreto presidencial de 23 de novembro de 1981 que diminuiu em 30% a área indígena;",https://www.docvirt.com/docreader.net/HemeroIndioRecortes/3870
17/04/2023 10:21:38,Aconteceu - no. 12,SP,FUNAI é acusada de liberar reserva Atroari à mineração,16/02/1982,Não consta,Atroari,Mineradora Paranapanema; Cel. Claudio Pagano (Diretor do DGPI); Hidelgard Rick; Nei da Fonseca; Giuseppe Craveiro;,Não,,Sim,Egidio Schwade,Membro do CIMI,Schwade acusa FUNAI e presidente Figueiredo de liberar área indígena para mineração;,https://www.docvirt.com/docreader.net/HemeroIndio/6496
17/04/2023 10:47:49,Aconteceu especial no. 12,SP,Em andamento demarcação Nambiquara,16/02/1982,Não consta,Nambiquara,Polo Noroeste; Rodovia 364; ,Não,,Não,,,"Banco Mundial exige demarcação da área Nambiquara, para financiar rodovia; 16 empresas conseguiram certidão negativa na área;",https://www.docvirt.com/docreader.net/HemeroIndio/6502
17/04/2023 10:34:39,Aconteceu Especial no. 12,SP,Parlamentar admite possuir fazenda em área indígena,11/02/1982,Não consta,Nambiquara,Antônio Morimoto (PDS-SP);,Não,,Sim,Antônio Morimoto,Parlamentar e fazendeiro,"O parlamentar mostra certidão negativa assinada por Bandeira de Mello, para garantir posse de terra em área indígena;",https://www.docvirt.com/docreader.net/HemeroIndio/6502
02/06/2023 15:22:09,A Crítica,,Deputada denuncia crise no Alto Solimões,14/08/1981,,,"Deputada Beth Azize (PMDB); Banco do Brasil; Marcos Benn (""representante"" da FUNAI na região)",Não,,Sim,Deputada Beth Azize,Deputada federal,Deputada fala que a Portaria 574/79 é abuso e atravanca as atividades de madeireiros e seringalistas;,https://www.docvirt.com/docreader.net/HemeroIndioRecortes/3579
26/04/2023 21:19:13,Porantim Ano IV No. 31,AM,Antropólogo demitido por ser incompatível,01/08/1981,Não consta,Apurinã,,Não,,Não,,,"Menciona antropólogo da FUNAI, Benedito Tadeu César, que se recusou a assinar Certidões Negativas;",https://www.docvirt.com/docreader.net/HemeroIndio/3419
24/05/2023 12:50:07,Folha de São Paulo ,SP,Antropólogo é demitido por sugerir ampliação,07/06/1981,,Apurinã; ,Benedito Tadeu César; Claudio Pagano,Não,,Não,,,,https://www.docvirt.com/docreader.net/HemeroIndioRecortes/2008
24/05/2023 18:23:26,O Estado de São Paulo,SP,FUNAI limita a emissão de certidões negativas,04/06/1981,,,,Não,,Sim,Cel. Nobre da Veiga,Presidente da FUNAI,,https://www.docvirt.com/docreader.net/HemeroIndioRecortes/3226
26/04/2023 20:58:12,Porantim Ano IV No. 29,AM,"""Projeto integrado"" divide os Potiguara",01/05/1981,Giovanni Salomão,,Comissão Pró-Índio de SP; Lundgren (Casas Pernambucanas); Pessoa de Mello (Usineiros de Pernambuco);,Sim,José Augusto,Não,,,"Afirma que a usina de Pessoa de Mello, implantada na área co certidão negativa poluiu o rio;",https://www.docvirt.com/docreader.net/HemeroIndio/3369
24/05/2023 18:27:49,A Crítica,,Deputado alerta governo sobre portaria da FUNAI,25/04/1981,,,Dep. Mário Frota (PMDB),Não,,Sim,Dep. Mário Frota (PMDB),Deputado Federal,"IMPORTANTE: o deputado é contra a portaria 574 (que foi revogada em 81) - a partir disso, posso buscar entender o jogo parlamentar que envolve as portarias!",https://www.docvirt.com/docreader.net/HemeroIndioRecortes/3459
26/04/2023 20:51:38,Porantim Ano IIINo. 26,AM,Transferência favorece exploração mineral - Remoção do entrave,01/02/1981,Não consta,Waimiri; Sateré-Munduruku; P.I. Laranjal no Baixo Madeira; Camanaú; ,Timbó-Paranapanema;,Não,,Não,,,FUNAI faz estudos para liberar certidão para o grupo Timbó-Paranpanema;,https://www.docvirt.com/docreader.net/HemeroIndio/3303
17/04/2023 10:06:47,Aconteceu Especial no.10 ,SP,Nambiquara,01/01/1981,Não consta,Nambiquara; ,Sorana Comercial e Importadora S.A,,,Sim,,,"Mesmo com certidão negativa, o TRF reincorporou terras à área Nambiquara.",https://www.docvirt.com/docreader.net/HemeroIndio/6399
17/04/2023 10:16:04,Aconteceu (ISA) - no.10 ,SA,COTRIJUÍ,01/01/1981,Não consta,Araras,COTRIJUÍ; Rubem Iljennfritz,Não,,Sim,Rubem Iljennfritz,Presidente da COTRIJUÍ,,https://www.docvirt.com/docreader.net/HemeroIndio/6407
24/05/2023 17:40:59,A Notícia,,,23/12/1980,,Waimiri-Atroari,Grupo Timbo - Paranapanema,Não,,Não,,,Funai faz estudos para emitir certidão negativa para grupo TImbo-Paranapanema,https://www.docvirt.com/docreader.net/HemeroIndioRecortes/2837
24/05/2023 17:59:56,O Estado do Amazonas,AM,Índios voltam a atacar,13/12/1980,,Waimiri-Atroari,Paranapanema,Não,,Sim,Egidio Schwade,Missionário,,https://www.docvirt.com/docreader.net/HemeroIndioRecortes/2844
26/04/2023 20:29:30,Porantim Ano III No. 24,AM,Indígenas enquadrados na Lei de Segurança Nacional,01/11/1980,Não consta,União Nacional Indígena (UNÍ),Conselho de Segurança Nacional; INCRA;,Não,,Não,,,"INDÍCIO RELEVANTE - Fala-se de documento interministerial produzido pelo CSN, em que se admitem os erros das certidões , mas fala-se em prejuízo dos invasores.",https://www.docvirt.com/docreader.net/HemeroIndio/3264
26/04/2023 20:35:11,Porantim Ano III No. 24,AM,Os Gorotire dizem basta a invasão capitalista,01/11/1980,Não consta,Gorotire; Kayapó; ,Andrade Gutierrez; Volkswagen; BRADESCO; Frigorífico ATLAS (alemão); Instituto de Terras do Pará; Filho de Mário Andreazza (dirigente do BRADESCO); Cel. Nobre da Veiga;,Não,,Não,,,"As empresas se instalaram na fronteira leste da reserva munidas de certidões negativas; O presidente da FUNAI, Nobre da Veiga, acha absurda a postura dos Gorotire;",https://www.docvirt.com/docreader.net/HemeroIndio/3266
26/04/2023 11:56:03,Porantim Ano III No. 22,AM,O fazendeiro enganou. Peão não sabia que a terra era de índio - Fazendeiros de Bang Bang jogam a culpa na FUNAI - Culpa da FUNAI,01/09/1980,Não consta,P.I. do Xingu;,Helio Russo (fazendeiro paulista); Luis Carlos (fazendeiro); Nobre da Veiga;,Não,,Sim,Hélio Russo; Nobre da Veiga,Fazendeiro; Presidente FUNAI,"DOC RELEVANTE - MENCIONA CONFLITO E INDICA A CERTIDÃO NEGATIVAConflito com mortes entre indígenas do PI Xingu e fazendeiros/jagunços. Hélio Russo apresenta uma certidão negativa (no. 27, de 1973); Nobre da Veiga afirma ""vamos acabar com essa história dos índios estarem exigindo tudo"";",https://www.docvirt.com/docreader.net/HemeroIndio/3224
26/04/2023 12:22:22,Porantim Ano III No. 22,AM,Correio Braziliense,01/09/1980,Não consta,Txucarramãe; P.I. Xingu;,,Não,,Não,,,"PROCURAR A REPORTAGEM DO CB: A nota faz referência a reportagem do Correio Braziliense de 16 de Agosto de1980 (intitulada ""FUNAI não atendeu aos Txucarramãe"") que traz certidão negativa como exemplo de conflito;",https://www.docvirt.com/docreader.net/HemeroIndio/3239
24/05/2023 17:38:35,Correio Braziliense,DF,O perigo dos conflitos interétnicos,08/07/1980,,Paresi; ,Sudamata,Não,,Sim,Rafael José de Menezes Bastos,Antropólogo,,https://www.docvirt.com/docreader.net/HemeroIndioRecortes/2489
20/04/2023 11:21:29,Jornal do Brasil (in: Boletim Comissão Pró-Índio no.3),RJ (JB),"""A terra é tão ruim que não nasce nem minhoca""",27/04/1980,Memélia Moreira,Nambiquara; Vale do Guaporé;,,Não,,Não,,,,https://www.docvirt.com/docreader.net/HemeroIndio/5729
13/04/2023 19:04:42,Diário de Cuiabá,MT,Xavantes vão anexar por conta própria mais de 40 mil Ha à Reserva de Sangradouro,15/03/1980,Não consta,Xavante; Sangradouro; Parabure;,Sindicato Rural de Barra do Garças,Não,,Sim,Adilson José de Barros,Presidente do Sindicato Rural de Barra do Garças,Xavantes tentam ampliar área indígena,https://www.docvirt.com/docreader.net/AcervPeI/966
13/04/2023 18:49:35,Revista Agroeste,Não consta,Prostituição,01/03/1980,Não consta,Merure,Manoel Borges da Silva - Manoel Preto,Não,,Sim,Manoel Preto,Fazendeiro,"Chacina de Merure, 15 de julho de 1956",
13/04/2023 18:54:03,Revista Agroeste,Não consta,"""Memorial"" (deduzido do próprio texto)",01/03/1980,Não consta,Não consta,Não consta,Não,,Não,,,"O texto é endereçado a um presidente, reclamando há muitas terras indígenas sendo demarcadas em Barra do Garças",https://www.docvirt.com/docreader.net/AcervPeI/948
13/04/2023 18:57:31,Revista Agroeste,Não consta,A FUNAI tornou-se a estranguladora do nosso progresso,01/03/1980,Não consta,Xavante,Não consta,Não,,Não,,,Doação de terras pelo estado do MT ao SPI e depois redução progressiva dessas terras,https://www.docvirt.com/docreader.net/AcervPeI/950
13/04/2023 19:10:16,Correio do Povo,RS (provável),Terras indígenas não são demarcadas e conflitos com brancos é iminente em cinco estados,03/02/1980,Memélia Moreira,Potiguara ,Destilaria Santo Antônio,Não,,Não,,,"A destilaria tem certidão negativa, de 1978; Dimas Valencisi (chefe do posto) permite invasão de grileiros",https://www.docvirt.com/docreader.net/AcervPeI/981
13/04/2023 19:18:00,Folha de São Paulo,SP,outro lado do problema indígena,13/01/1980,José Calixto de Alencar,Merure,Manoel Preto e Irmãos Pizziato,Não,,Sim,Manoel Preto,Fazendeiro,Chacina do Merure,https://www.docvirt.com/docreader.net/AcervPeI/984
13/04/2023 19:31:48,Folha de São Paulo,SP,"O outro lado do problema indígena - ""Uma máfia""",13/01/1980,José Calixto de Alencar,Xavante,José Vergetti; Costa Cavalcanti; General Cintra e Evandro;,Não,,Sim,José Vergetti,"Taxista, ex-fazendeiro",Vergetti alega ter perdido 10mil Ha;,https://www.docvirt.com/docreader.net/AcervPeI/985
13/04/2023 19:34:20,Gazita,MT,Reserva indígena é a preocupação,01/01/1980,Dr. Luiz Carlos da Silva Lima,Xavante,Diversos,Não,,Não,,,,https://www.docvirt.com/docreader.net/AcervPeI/987
03/05/2023 11:16:14,Varadouro Ano IINo. 16,AC,"Valente, mas contraditório",01/10/1979,Não consta,Campa; Culina; Poianáua; Nuquini; Jaminaua; Arara; Catuquina; Manchineri; Jamamadi; Apurinã; Marinaua; Iauanawa; Caxarari; Caxinauá;,"Companhia Novo Oeste S/A; General Bandeira de Mello; Grupo Atlântica Boa Vista; José Carvalho, primeiro chefe da Ajudância da Funai no Acre;",Não,,Não,,,"Menciona-se que José Carvalho emitiu certidões negativas em áreas indígenas no Acre; Menciona-se que José Carvalho descobriu certidão negativa fria, produzida em Brasília, por Bandeira de Mello. O fato foi denunciado por José Carvalho;",https://www.docvirt.com/docreader.net/HemeroIndio/32495
26/04/2023 12:07:32,Porantim Ano III No. 22,AM,Mário Frota apoia roubo de madeira dos Katukina,01/09/1979,Não consta,Katukina,Deputado Mário Frota (PMDB),Não,,Sim,Dep. Mário Frota (PMDB),Deputado;,"Pressão política contra a Portaria No. 574/N, de 29 de junho de 1979 (ela vai ser revogada em 1981)",https://www.docvirt.com/docreader.net/HemeroIndio/3233
24/05/2023 17:27:48,O Estado de São Paulo,SP,A defesa de nova política indígena,14/07/1979,,Parque indígena Yanomami; Araras; ,,Não,,Não,,,O texto menciona pedido de anulação de certidão negativa que afetou os Araras,https://www.docvirt.com/docreader.net/HemeroIndioRecortes/2034
26/04/2023 11:11:14,Porantim Ano II No. 9,AM,Deu nos jornais - Situação dos índios causa preocupação,01/07/1979,Não consta,,Delfim Neto; Adhemar Ribeiro da Silva (presidente da FUNAI); Conselho de Desenvolvimento Social;,Não,,Não,,,Delfim Neto sugere dispensar certidões negativas para pequenos e médios proprietários de terras na Amazônia Legal;,https://www.docvirt.com/docreader.net/HemeroIndio/3138
24/05/2023 12:29:31,Jornal do Brasil,RJ,Certidões,06/05/1979,,Nambikwara;,Bandeira de Mello; Ismarth Araújo;,Não,,Não,,,O texto liga certidão negativa a massacre de Nambikwaras;,https://www.docvirt.com/docreader.net/HemeroIndioRecortes/2004
24/05/2023 12:16:07,Jornal do Brasil,RJ,Índios do Acre são torturados,03/05/1979,,Apurinã; Axinauá;,Banco do Amazonas,Não,,Não,,,Pe. Iasi fala de certidões negativas e financiamento do Banco do Amazonas,https://www.docvirt.com/docreader.net/HemeroIndioRecortes/1883
13/04/2023 19:38:20,O Estado de São Paulo,SP,Xavantes pedem a Andreazza mudança de pessoal na FUNAI,17/03/1979,Não consta,Xavante; Nhambiquara; Waimiri-Atroari;,Bandeira de Mello; o filho de Costa Cavalcanti;,Sim,30 caciques (não constam nomes),Não,,,"""Tem fazendeiro que comprou certidão negativa""",https://www.docvirt.com/docreader.net/AcervPeI/1024
25/04/2023 12:21:08,"Nimuendajú - Boletim da Comissão Pró-Índio Ano 1, no.1",,Corrupção: quem dá mais? ,01/02/1979,Não consta,Parque do Xingu; ,Arne Sucksdorf; Getúlio Barreto (procurador da FUNAI); Laia Rodrigues (funcionária FUNAI); Armando Conceição (advogados);,Não,,Não,,,Arne Sucksdorf acusa funcionários da FUNAI de corrupção.Essa notícia pode ser um fio da meada relevante,https://www.docvirt.com/docreader.net/HemeroIndio/6183
13/04/2023 19:45:59,Diário de Cuiabá,MT,Os Xavantes estão prontos para a luta,25/01/1979,José Calixto de Alencar,Xavante,Diversos,Sim,Warodi (traduzido por Surupredo),Sim,Waldênio Lopes,Fazendeiro,,https://www.docvirt.com/docreader.net/AcervPeI/1025
24/05/2023 12:22:12,Diário de Cuiabá,MT,,06/01/1979,,Nambikwara; Urubu-Kaapor;,Mineradora Itapiranga; Grupo Badin; Costa Cavalanti; Bandeira de Mello; Ismarth Araújo;,Não,,Não,,,,https://www.docvirt.com/docreader.net/HemeroIndioRecortes/1925
24/05/2023 11:50:34,CIMI - Norte I (não consta título),Não consta,Espírito Santo,19/12/1978,,Tupiniquim; Mbyá-Guarani,Aracruz Celulose,Não,,Não,,,Funai emitiu certidão negativa para Aracruz Celulose;,https://www.docvirt.com/docreader.net/HemeroIndioRecortes/1102
25/04/2023 11:10:35,Boletim do CIMI ano 7 no. 52,DF,A terra dos índios no Brasil - Espírito Santo,01/12/1978,Não consta,Tupiniquim,Aracruz,Não,,Não,,,Certidão Negativa para a Aracruz Celulose,https://www.docvirt.com/docreader.net/HemeroIndio/21943
03/05/2023 11:03:07,Varadouro Ano II No. 13,AC,Seis mentiras sobre o índio,01/12/1978,Não consta,Caxinauá,"José Ramos, gerente do Basa; Basa; Probor II; ",Não,,Sim,Terri Valle de Aquino,Antropólogo,Terri denuncia que José Ramos concedeu empréstimos sem exigir apresentação de certidões negativas - vale desenvolver o argumento de que as certidões não eram obedecidas;,https://www.docvirt.com/docreader.net/HemeroIndio/32439
24/05/2023 11:57:53,Coleção CIMI Norte I,,"CIMI apoia manifesto do diretório universitário contra a ""emancipação""",25/10/1978,Pe. Paulo Suess,Terras indígenas no rio Envira,Grupo Bradesco-Boa Vista; Gal. Bandeira de Melo;,Não,,Não,,,,https://www.docvirt.com/docreader.net/HemeroIndioRecortes/1170
25/04/2023 12:31:34,Porantim no. 4,,"Deu nos jornais - ""Cimi apoia Darcy contra Rangel Reis""",01/09/1978,"""A Crítica""",Kulina; Alto envira;,Grupo Atlântico Boa Vista; Gen. Bandeira de Mello;  Pe. Egídio;,Não,,Não,,,Pe. Egídio acusou FUNAI de emitir certidão negativa em terras indígenas;,https://www.docvirt.com/docreader.net/HemeroIndio/3049
02/06/2023 17:25:56,Estado de São Paulo,SP,Rangel pede ação contra antropólogo,01/08/1978,,Kulina,Ismarth de Araújo Oliveira; Egidio Schwade;,Não,,Sim,Egídio Schwade,Secretário Cimi,Schwade acusou Ismarth Araújo de emitir certidão negativa em terra Kulina;,https://www.docvirt.com/docreader.net/HemeroIndioRecortes/10350
03/05/2023 10:40:11,Varadouro Ano I No. 10,AC,Entrevista Apoena Meirelles,01/06/1978,,Não consta,,Não,,Sim,Apoena Meirelles,Sertanista,Apoena afirma que certidões negtivas estão sendo canceladas,https://www.docvirt.com/docreader.net/HemeroIndio/32327
24/05/2023 10:58:21,Jornal A Crítica,,Secretário do CIMI critica CPI,07/10/1977,Não consta,Urubu Kaapor,Grupo EMASA; Argemiro Bustamante Dias; Mineradora Itapiranga; Gal. Bandeira de Mello; George Cerqueira Zarur; Amaury Sadock,Não,,Sim,Pe. Antônio Iasi,Padre e secretário do CIMI,Pe. Antônio Iasi acusa a CPI de ser falha e aponta que outros depoentes devem ser convocados;,https://www.docvirt.com/docreader.net/HemeroIndioRecortes/995
25/04/2023 10:51:19,Boletim do CIMI ano 6 no. 41,DF,DGPI: o monstro,01/10/1977,Não consta,Nambikwara; ,Filho do ex-ministro Costa Cavalcanti; George Zarur;,Não,,Não,,,Acusação de que filho do Ministro Costa Cavalcanti tenha certidão negativa em área Nambikwara,https://www.docvirt.com/docreader.net/HemeroIndio/21420
25/04/2023 10:58:15,Boletim do CIMI ano 6 no. 41,DF,P.I. Couto Magalhães,01/10/1977,Não consta,P.I. Couto Magalhães; P.I. Areões; ,Dr. Armando Conceição,Não,,Não,,,,https://www.docvirt.com/docreader.net/HemeroIndio/21437
25/04/2023 10:46:20,Boletim do CIMI no. 31,DF,Parque Indígena Aripuanã,01/09/1976,Não consta,Munxor,Oscar Gomes dos Santos,Não,,Não,,,"Funai fornece certidão negativa a fazendeiro, ainda que sabendo da existência de aldeamentos indígenas na região;",https://www.docvirt.com/docreader.net/HemeroIndio/21021
13/04/2023 18:44:13,O Estado de São Paulo,SP,A estrada tocou o intocável,07/11/1972,Não consta,Parque do Aripuanã,Grupo Sanches Galdeano,Não,,Não,,,,
26/04/2023 21:22:08,Porantim Ano IV No. 32,AM,Wau-wau encurralados e sem futuro - História pedirá contas,01/09/1980,Montezuma Cruz,Wau-wau; ,De Zorzi;,Não,,Não,,,Possível emissão de certidão para De Zorizi em área Wau-wau;,https://www.docvirt.com/docreader.net/HemeroIndio/3440
26/04/2023 21:31:57,Porantim Ano IV No. 37,AM,Nambikuara: latifúndio apressa o final - o grito dos fazendeiros,01/03/1982,Não consta,Nambikuara; Comissão Pró-Índio; ,Deputado Antônio Morimoto; Giro Morimoto; Fazenda Pardo; Fazenda Cabixi; ,Não,,Sim,Antônio Morimoto,Deputado,"Morimoto apresenta certidão negativa, assinada por Bandeira de Mello em 1971, para justificar a legalidade de suas terras;",https://www.docvirt.com/docreader.net/HemeroIndio/3524
24/05/2023 18:14:34,O Estado de São Paulo,SP,São 200 mil índios em 174 postos e 3 parques,21/12/1980,,Pimentel Barbosa; Parabubure; Xavante;,,Não,,Não,,,IMPORTANTE: Indicação de que fazendeiros foram indenizados;,https://www.docvirt.com/docreader.net/HemeroIndioRecortes/3086